id,airport_short,airport_name,country
1001,AAR,Aarhus,Denmark
1002,ABD,Abadan,Iran
1003,AEH,Abeche,Chad
1004,ABZ,Aberdeen,United Kingdom
1005,ABR,Aberdeen (SD),USA
1006,ABJ,Abidjan,Cote d'Ivoire
1007,ABI,Abilene (TX),USA
1008,AUH,Abu Dhabi - Abu Dhabi International,United Arab Emirates
1009,ABV,Abuja - Nnamdi Azikiwe International Airport,Nigeria
1010,AUE,Abu Rudeis,Egypt
1011,ABS,Abu Simbel,Egypt
1012,ACA,Acapulco,Mexico
1013,ACC,Accra - Kotoka International Airport,Ghana
1014,ADA,Adana,Turkey
1015,ADD,Addis Ababa - Bole International Airport,Ethiopia
1016,ADL,Adelaide,Australia
1017,ADE,Aden - Aden International Airport,Yemen
1018,ADF,Adiyaman,Turkey
1019,AER,Adler/Sochi,Russia
1020,AJY,Agades,Niger
1021,AGA,Agadir,Morocco
1022,SUM,Agana (Hagåtña),Guam
1023,AGZ,Aggeneys,South Africa
1024,BQN,Aguadilla,Puerto Rico
1025,AGU,Aguascaliente,Mexico
1026,AMD,Ahmedabad,India
1027,AYU,Aiyura,Papua New Guinea
1028,AJA,Ajaccio,France
1029,AXT,Akita,Japan
1030,CAK,Akron (OH),USA
1031,AKT,Akrotiri - RAF,Cyprus
1032,AAN,Al Ain,United Arab Emirates
1033,AAC,Al Arish,Egypt
1034,ALH,Albany,Australia
1035,ABY,Albany (GA),USA
1036,ALB,Albany (NY) - Albany International Airport,USA
1037,LBI,Albi,France
1038,AAL,Alborg,Denmark
1039,ABQ,Albuquerque (NM),USA
1040,ABX,Albury,Australia
1041,ACI,Alderney,Channel Islands
1042,ALP,Aleppo,Syria
1043,AES,Alesund,Norway
1044,ALJ,Alexander Bay - Kortdoorn,South Africa
1045,HBH,Alexandria - Borg el Arab Airport,Egypt
1046,ALY,Alexandria - El Nhouza Airport,Egypt
1047,ESF,Alexandria - Esler Field,USA (LA)
1048,FJR,Alfujairah (Fujairah),United Arab Emirates
1049,AHO,Alghero Sassari,Italy
1050,ALG,"Algiers, Houari Boumediene Airport",Algeria
1051,AHU,Al Hoceima,Morocco
1052,ALC,Alicante,Spain
1053,ASP,Alice Springs,Australia
1054,ADY,Alldays,South Africa
1055,ABE,Allentown (PA),USA
1056,ALA,Almaty (Alma Ata) - Almaty International Airport,Kazakhstan
1057,LEI,Almeria,Spain
1058,ALF,Alta,Norway
1059,AAT,Altay,PR China
1060,ACH,Altenrhein,Switzerland
1061,AOO,Altoona (PA),USA
1062,AXS,Altus,USA
1063,ASJ,Amami,Japan
1064,AMA,Amarillo (TX),USA
1065,AZB,Amazon Bay,Papua New Guinea
1066,AMM,Amman - Queen Alia International Airport,Jordan
1067,ADJ,Amman - Amman-Marka International Airport,Jordan
1068,ATQ,Amritsar,India
1069,AMS,Amsterdam - Amsterdam Airport Schiphol,Netherlands
1070,QNB,Anand,India
1071,ANC,Anchorage (AK) - Ted Stevens Anchorage International,USA
1072,AOI,Ancona - Ancona Falconara Airport,Italy
1073,ALV,Andorra La Vella - Heliport,Andorra
1074,AXA,Anguilla,Anguilla
1075,AJN,Anjouan - Anjouan Airport,Comoros (Comores)
1076,ANK,Ankara,Turkey
1077,ESB,Ankara - Esenboğa International Airport,Turkey
1078,AAE,Annaba,Algeria
1079,ARB,Ann Arbor (MI),USA
1080,NCY,Annecy,France
1081,ANB,Anniston (AL),USA
1082,AYT,Antalya,Turkey
1083,TNR,Antananarivo (Tanannarive) - Ivato International Airport,Madagascar
1084,ANU,"Antigua, V.C. Bird International",Antigua and Barbuda
1085,ANR,Antwerp,Belgium
1086,AOJ,Aomori,Japan
1087,APW,Apia - Faleolo International Airport,Samoa
1088,ATW,Appelton/Neenah/Menasha (WI),USA
1089,AQJ,Aqaba,Jordan
1090,AJU,Aracaju,Brazil
1091,ARH,Arkhangelsk,Russia
1092,ARK,Arusha,Tanzania
1093,GPA,Araxos,Greece
1094,RLT,Arlit,Niger
1095,ACE,Arrecife/Lanzarote,Spain
1096,AUA,"Aruba - Reina Beatrix International, Oranjestad",Aruba
1097,AVL,Asheville (NC),USA
1098,ASB,Ashgabat - Saparmurat Turkmenbashy Int. Airport,Turkmenistan
1099,ASM,Asmara - Asmara International,Eritrea
1100,ASE,"Aspen, (CO) - Aspen-Pitkin County Airport",USA
1101,ATZ,Assiut,Egypt
1102,TSE,Astana - Astana International Airport,Kazakhstan
1103,ASU,Asuncion - Asunción International Airport,Paraguay
1104,ASW,Aswan - Daraw Airport,Egypt
1105,ATH,Athens - Elefthérios Venizélos International Airport,Greece
1106,HEW,"Athens, Hellinikon Airport",Greece
1107,AHN,Athens (GA),USA
1108,ATO,Athens (OH),USA
1109,ATL,Atlanta (GA) - Hartsfield Atlanta International Airport,USA
1110,ACY,Atlantic City (NJ) - Atlantic City International,USA
1111,YAT,"Attawapiskat, NT",Canada
1112,AKL,Auckland - Auckland International Airport,New Zealand
1113,AGB,Augsburg - Augsbur gAirport,Germany
1114,AGS,Augusta (GA),USA
1115,AUG,Augusta (ME) - Augusta State Airport,USA
1116,AUR,Aurillac,France
1117,AUS,Austin (TX) - Austin-Bergstrom Airport,USA
1118,AYW,Ayawasi,Indonesia
1119,AYQ,Ayers Rock - Connellan,Australia
1120,AYR,Ayr,Australia
1121,BJZ,Badajoz,Spain
1122,BGW,Bagdad - Baghdad International Airport,Iraq
1123,IXB,Bagdogra,India
1124,NAS,Bahamas - Lynden Pindling International Airport,The Bahamas
1125,BHV,Bahawalpur,Pakistan
1126,BAH,Bahrain - Bahrain International Airport,Bahrain
1127,BFL,Bakersfield (CA),USA
1128,BAK,Baku - Heydar Aliyev International Airport,Azerbaijan
1129,BNK,Ballina,Australia
1130,BWI,Baltimore (MD) - Washington International Airport,USA
1131,ABM,Bamaga,Australia
1132,BKO,Bamako - Bamako-Sénou International Airport,Mali
1133,BBY,Bambari,Central African Republic
1134,BWN,Bandar Seri Begawan - Brunei International Airport,Brunei
1135,BDO,Bandung - Husein Sastranegara International Airport,Indonesia
1136,BLR,Bangalore,India
1137,BGU,Bangassou,Central African Republic
1138,DMK,"Bangkok, Don Muang",Thailand
1139,BKK,"Bangkok, Suvarnabhumi International",Thailand
1140,BGR,Bangor (ME),USA
1141,BGF,Bangui - M'Poko International Airport,Central African Republic
1142,BJL,Banjul - Banjul International Airport (Yundum International),Gambia
1143,BNP,Bannu,Pakistan
1144,BCN,Barcelona,Spain
1145,BLA,Barcelona,Venezuela
1146,BDU,Bardufoss,Norway
1147,BRI,Bari,Italy
1148,BZL,Barisal,Bangladesh
1149,BDQ,Baroda,India
1150,BRR,Barra (the famous tidal beach landing),United Kingdom
1151,BAQ,Barranquilla,Colombia
1152,BSL,Basel,Switzerland
1153,EAP,Basel/Mulhouse,Switzerland/France
1154,BSR,"Basra, Basrah",Iraq
1155,PTP,Basse-Terre - Pointe-à-Pitre International Airport,Guadeloupe
1156,SKB,Basseterre - Robert L. Bradshaw International Airport,Saint Kitts and Nevis
1157,BIA,Bastia,France
1158,BTR,Baton Rouge (LA) - Baton Rouge Metropolitan Airport,USA
1159,BYU,Bayreuth - Bindlacher-Berg,Germany
1160,BPT,Beaumont/Pt. Arthur (TX),USA
1161,BKW,Beckley (WV),USA
1162,EIS,Beef Island - Terrance B. Lettsome,Virgin Islands (British)
1163,PEK,Beijing,China
1164,NAY,Beijing - Nanyuan Airport,China
1165,BEW,Beira,Mozambique
1166,BEY,Beirut - Beirut Rafic Hariri International Airport,Lebanon
1167,BEL,Belem - Val de Cans International Airport,Brazil
1168,BHD,Belfast - George Best Belfast City Airport,United Kingdom
1169,BFS,Belfast - Belfast International Airport,United Kingdom
1170,IXG,Belgaum,India
1171,BEG,Belgrad (Beograd) - Belgrade Nikola Tesla International,Serbia
1172,BZE,Belize City - Philip S.W.Goldson International,Belize
1173,BLI,Bellingham (WA),USA
1174,CNF,Belo Horizonte - Tancredo Neves International Airport,Brazil
1175,BJI,Bemidji (MN),USA
1176,BEB,Benbecula,United Kingdom
1177,BEN,Benghazi (Bengasi),Libya
1178,BUG,Benguela,Angola
1179,BEH,Benton Harbour (MI),USA
1180,BBT,Berberati,Central African Republic
1181,BGY,Bergamo/Milan - Orio Al Serio,Italy
1182,BGO,Bergen,Norway
1183,EGC,Bergerac - Roumanieres,France
1184,BER,Berlin,Germany
1185,SXF,"Berlin, Schoenefeld",Germany
1186,TXL,"Berlin, Tegel",Germany
1187,THF,"Berlin, Tempelhof (ceased operating in 2008)",Germany
1188,BDA,Bermuda - L.F. Wade International Airport,Bermuda
1189,BRN,"Berne, Bern-Belp",Switzerland
1190,ZDJ,"Berne, Railway Service",Switzerland
1191,BET,Bethel (AK),USA
1192,BHO,Bhopal,India
1193,BBI,Bhubaneswar,India
1194,BIQ,Biarritz,France
1195,BIO,Bilbao,Spain
1196,BIL,Billings (MT),USA
1197,BLL,Billund,Denmark
1198,BTU,Bintulu,Malaysia
1199,IRO,Biraro,Central African Republic
1200,BHX,Birmingham - Birmingham International Airport,United Kingdom
1201,BHM,Birmingham (AL),USA
1202,FRU,Bishkek - Manas International Airport,Kyrgyzstan
1203,BIS,Bismarck (ND) - Bismarck Municipal Airport,USA
1204,BXO,Bissau - Osvaldo Vieiro International Airport,Guinea-Bissau
1205,BLK,Blackpool,United Kingdom
1206,BLT,Blackwater,Australia
1207,BLZ,Blantyre (Mandala) - Chileka International Airport,Malawi
1208,BHE,Blenheim,New Zealand
1209,BFN,Bloemfontein - Bloemfontein Airport,South Africa
1210,BMI,Bloomington (IL),USA
1211,BMG,Bloomington (IN),USA
1212,BLF,Bluefield (WV),USA
1213,BVB,Boa Vista,Brazil
1214,BOY,Bobo/Dioulasso,Burkina Faso
1215,BOO,Bodo,Norway
1216,BJV,Bodrum - Milas Airport,Turkey
1217,BOG,Bogota - El Nuevo Dorado International Airport,Colombia
1218,BOI,Boise (ID) - Boise Air Terminal,USA
1219,BLQ,Bologna,Italy
1220,BOM,Bombay (Mumbai) - Chhatrapati Shivaji International,India
1221,BON,Bonaire,Netherlands Antilles
1222,YVB,"Bonaventure, PQ",Canada
1223,BOB,Bora Bora,French Polynesia
1224,BOD,Bordeaux - Bordeaux Airport,France
1225,BXS,Borrego Springs (CA),USA
1226,BOS,Boston (MA) - General Edward Lawrence Logan,USA
1227,BYK,Bouake,Cote d'Ivoire
1228,BOJ,Bourgas/Burgas,Bulgaria
1229,BOH,Bournemouth,United Kingdom
1230,ZBO,Bowen,Australia
1231,BZN,Bozeman (MT),USA
1232,BFD,Bradford/Warren (PA) /Olean (NY),USA
1233,BRD,Brainerd (MN),USA
1234,BMP,Brampton Island,Australia
1235,BSB,Brasilia - President Juscelino Kubitschek International,Brazil
1236,BTS,Bratislava - M. R. Štefánik Airport,Slovakia
1237,BZV,Brazzaville - Maya-Maya Airport,Congo (ROC)
1238,BRE,Bremen - Bremen Airport (Flughafen Bremen),Germany
1239,VBS,"Brescia, Montichiari",Italy
1240,BES,Brest,France
1241,BIV,Bria,Central African Republic
1242,BDR,Bridgeport (CT),USA
1243,BGI,Bridgetown - Grantley Adams International,Barbados
1244,BDS,Brindisi,Italy
1245,BNE,Brisbane,Australia
1246,BRS,Bristol,United Kingdom
1247,BNN,Broennoeysund,Norway
1248,BHQ,Broken Hill,Australia
1249,BKX,Brookings (SD),USA
1250,BME,Broome,Australia
1251,BQK,Brunswick (GA),USA
1252,BRU,Brussels - Brussels Airport,Belgium
1253,BGA,Bucaramanga,Colombia
1254,BUH,Bucharest,Romania
1255,OTP,Bucharest - Henri Coandă International Airport,Romania
1256,BUD,Budapest - Budapest Ferihegy International Airport,Hungary
1257,BUE,Buenos Aires,Argentina
1258,EZE,"Buenos Aires, Ezeiza International Airport",Argentina
1259,AEP,"Buenos Aires, Jorge Newbery",Argentina
1260,BFO,Buffalo Range,Zimbabwe
1261,BUF,Buffalo/Niagara Falls (NY),USA
1262,BJM,Bujumbura - Bujumbura International Airport,Burundi
1263,BUQ,Bulawayo,Zimbabwe
1264,BHC,Bullhead City (NV),USA
1265,BDB,Bundaberg,Australia
1266,BUR,Burbank (CA),USA
1267,BRL,Burlington IA,USA
1268,BTV,Burlington (VT),USA
1269,BWT,Burnie (Wynyard),Australia
1270,BTM,Butte (MT),USA
1271,CAB,Cabinda,Angola
1272,CAG,Cagliari,Italy
1273,CNS,Cairns,Australia
1274,CAI,Cairo - Cairo International Airport,Egypt
1275,CJC,Calama - El Loa,Chile
1276,CCU,Calcutta (Kolkata) - Netaji Subhas Chandra,India
1277,YYC,Calgary - Calgary International Airport,Canada
1278,CLO,Cali,Colombia
1279,CCJ,Calicut,India
1280,CLY,Calvi,France
1281,YCB,Cambridge Bay,Canada
1282,CBG,Cambrigde,United Kingdom
1283,CAL,Campbeltown,United Kingdom
1284,CGR,Campo Grande,Brazil
1285,CBR,Canberra - Canberra Airport,Australia
1286,CUN,Cancun,Mexico
1287,CEQ,Cannes – Mandelieu Airport,France
1288,CIW,Canouan (island) - Canouan Airport,Saint Vincent & the Grenadines
1289,CPT,Cape Town - Cape Town International Airport,South Africa
1290,CCS,Caracas - Simón Bolívar International Airport,Venezuela
1291,CWL,Cardiff - Cardiff Airport,United Kingdom
1292,CLD,Carlsbad (CA),USA
1293,CVQ,Carnarvon,Australia
1294,CRF,Carnot,Central African Republic
1295,CSN,Carson City (NV),USA
1296,CAS,Casablanca,Morocco
1297,CMN,"Casablanca, Mohamed V",Morocco
1298,LRM,Casa de Campo - La Romana International Airport,Dominican Republic
1299,CSI,Casino,Australia
1300,CPR,Casper (WY),USA
1301,CST,Castaway,Fiji
1302,CTG,Cartagena - Rafael Núñez International Airport,Colombia
1303,SLU,Castries - George F. L. Charles Airport,Saint Lucia
1304,CTA,Catania,Italy
1305,CAY,Cayenne - Cayenne-Rochambeau Airport,French Guiana
1306,CBU,Cottbus - Cottbus-Drewitz Airport,Germany
1307,CEB,Cebu City - Mactan-Cebu International,Philippines
1308,CDC,Cedar City (UT),USA
1309,CID,Cedar Rapids IA,USA
1310,CED,Ceduna,Australia
1311,CES,Cessnock,Australia
1312,KHV,Chabarovsk (Khabarovsk),Russia
1313,CMF,Chambery,France
1314,CMI,Champaign (IL),USA
1315,IXC,Chandigarh - Chandigarh International Airport,India
1316,CGQ,Changchun,"Jilin, PR China"
1317,CHQ,Chania,Greece
1318,CHG,"Chaoyang, Beijing - Chaoyang Airport",PR China
1319,CHS,Charleston (SC),USA
1320,CRW,Charleston (WV) - Yeager Airport,USA
1321,CLT,Charlotte (NC),USA
1322,CHO,Charlottesville (VA),USA
1323,CXT,Charters Towers,Australia
1324,CHA,Chattanooga (TN),USA
1325,CTU,Chengdu - Shuangliu,"Sichuan, PR China"
1326,MAA,Chennai (Madras),India
1327,CYS,Cheyenne (WY) - Cheyenne Regional Airport,USA
1328,CNX,Chiang Mai - Chiang Mai International Airport,Thailand
1329,QCB,Chiba City,Japan
1330,MDW,"Chicago (IL), Midway",USA
1331,ORD,"Chicago (IL), O'Hare International Airport",USA
1332,CHI,Chicago (IL),USA
1333,CZA,Chichen Itza,Mexico
1334,CIC,Chico (CA),USA
1335,CUU,Chihuahua - Gen Fierro Villalobos,Mexico
1336,JKH,Chios,Greece
1337,CIP,Chipata,Zambia
1338,KIV,Chisinau - Chişinău International Airport,Moldova
1339,HTA,Chita (Tschita),Russia
1340,CTS,Sapporo - New Chitose Airport,Japan
1341,CJL,Chitral,Pakistan
1342,CGP,Chittagong,Bangladesh
1343,CKG,Chongqing - Jiangbei International Airport,"Sichuan, PR China"
1344,CHC,Christchurch,New Zealand
1345,CCZ,Chub Cay,Bahamas
1346,YYQ,Churchill,Canada
1347,CFG,Cienfuegos - Jaime González Airport,Cuba
1348,CVG,Cincinnati (OH) - Cincinnati/Northern Kentucky Int'l,USA
1349,CME,Ciudad Del Carmen,Mexico
1350,CGU,Ciudad Guayana,Venezuela
1351,CJS,Ciudad Juarez,Mexico
1352,CEN,Ciudad Obregon,Mexico
1353,CVM,Ciudad Victoria,Mexico
1354,CKB,Clarksburg (WV),USA
1355,CMQ,Clermont,Australia
1356,CFE,Clermont Ferrand,France
1357,BKL,"Cleveland (OH) , Burke Lakefront",USA
1358,CLE,Cleveland (OH) - Cleveland Hopkins International,USA
1359,CBB,Cochabamba,Bolivia
1360,COK,Cochin,India
1361,COD,Cody/Powell/Yellowstone (WY),USA
1362,KCC,Coffmann Cove (AK),USA
1363,CFS,Coffs Harbour,Australia
1364,CJB,Coimbatore,India
1365,CLQ,Colima,Mexico
1366,CLL,College Station/Bryan (TX),USA
1367,KCE,Collinsville,Australia
1368,CGN,Cologne - Cologne Airport (Flughafen Köln/Bonn),Germany
1369,CMB,Colombo - Bandaranaike International Airport,Sri Lanka
1370,COS,Colorado Springs (CO),USA
1371,CAE,Columbia (SC) - Columbia Metropolitan Airport,USA
1372,CSG,Columbus (GA),USA
1373,CMH,Columbus (OH) - Port Columbus International,USA
1374,CKY,Conakry - Conakry International Airport,Guinea
1375,CCR,Concord (CA) - Buchanan Field,USA
1376,CON,Concord (NH) - Concord Municipal Airport,USA
1377,CZL,Constantine,Algeria
1378,CND,Constanta (Constanța) - Constanta Int'l Airport,Romania
1379,CPD,Coober Pedy,Australia
1380,CTN,Cooktown,Australia
1381,OOM,Cooma,Australia
1382,CPH,Copenhagen - Copenhagen Airport,Denmark
1383,COR,Cordoba,Argentina
1384,ODB,Cordoba,Spain
1385,CDV,Cordova (AK),USA
1386,CFU,Corfu,Greece
1387,ORK,Cork,Ireland
1388,CRP,Corpus Christi (TX),USA
1389,COO,Cotonou - Cotonou Cadjehoun Airport,Benin
1390,CVT,Coventry - Baginton,United Kingdom
1391,CZM,Cozmel,Mexico
1392,CGA,Craig (AK),USA
1393,CEC,Crescent City (CA),USA
1394,CGB,Cuiaba - Marechal Rondon International Airport,Brazil
1395,CUL,Culiacan,Mexico
1396,CUR,Curacao - Curaçao International Airport,Netherlands Antilles
1397,CWB,Curitiba - Afonso Pena International Airport,Brazil
1398,CYU,Cuyo,Philippines
1399,DKR,Dakar - Léopold Sédar Senghor International Airport,Senegal
1400,DLM,Dalaman,Turkey
1401,DBY,Dalby,Australia
1402,DLC,Dalian - Zhoushuizi International Airport,"Liaoning, PR China"
1403,DAL,"Dallas (TX) , Love Field",USA
1404,DFW,Dallas/Ft. Worth (TX) - Dallas/Fort Worth International,USA
1405,DJO,Daloa,Cote d'Ivoire
1406,DAM,"Damascus, International",Syria
1407,DMM,"Dammam, King Fahad International",Saudi Arabien
1408,DAN,Danville (VA),USA
1409,DAR,Dar es Salam (Daressalam) - Julius Nyerere Int'l,Tanzania
1410,DRW,Darwin,Australia
1411,DDI,Daydream Island,Australia
1412,DAY,Dayton (OH),USA
1413,DAB,Daytona Beach (FL),USA
1414,DEC,Decatur (IL),USA
1415,YDF,Deer Lake/Corner Brook,Canada
1416,DEL,Delhi - Indira Gandhi International Airport,India
1417,HAG,Den Haag (The Hague),Netherlands
1418,DNZ,Denizli,Turkey
1419,DPS,Denpasar/Bali,Indonesia
1420,DEN,Denver (CO) - Denver International Airport,USA
1421,DSK,Dera Ismail Khan - Dera Ismail Khan Airport,Pakistan
1422,DRB,Derby,Australia
1423,LDY,Derry (Londonderry),United Kingdom
1424,DSM,Des Moines (IA) - Des Moines International Airport,USA
1425,DET,"Detroit (MI) , Coleman A. Young Municipal",USA
1426,DTW,"Detroit (MI) , Wayne County Airport",USA
1427,DTT,"Detroit (MI) , Metropolitan Area",USA
1428,DVL,Devils Lake (ND),USA
1429,DPO,Devonport,Australia
1430,DHA,Dhahran,Saudi Arabia
1431,DAC,Dhaka - Zia International Airport,Bangladesh
1432,DIL,Dili - Nicolau Lobato International Airport,Timor Leste (East Timor)
1433,DLG,Dillingham (AK),USA
1434,DNR,Dinard,France
1435,DLP,Disneyland Paris,France
1436,DJE,Djerba,Tunisia
1437,JIB,Djibouti (city) - Djibouti-Ambouli International Airport,Djibouti
1438,DOD,Dodoma - Dodoma Airport,Tanzania
1439,DOH,Doha - Doha International Airport,Qatar
1440,DSA,"Doncaster/Sheffield, Robin Hood International Airport",United Kingdom
1441,CFN,Donegal (Carrickfin),Ireland
1442,DTM,Dortmund,Germany
1443,DHN,Dothan (AL),USA
1444,DLA,Douala,Cameroon
1445,DRS,Dresden - Dresden Airport,Germany
1446,DXB,Dubai - Dubai International Airport,United Arab Emirates
1447,DBO,Dubbo,Australia
1448,DUB,Dublin - Dublin International Airport,Ireland
1449,DUJ,Dubois (PA),USA
1450,DBV,Dubrovnik,Croatia (Hrvatska)
1451,DBQ,Dubuque IA,USA
1452,DUS,Duesseldorf - Düsseldorf International Airport,Germany
1453,DLH,Duluth (MN) /Superior (WI),USA
1454,DND,Dundee,United Kingdom
1455,DUD,Dunedin,New Zealand
1456,DKI,Dunk Island,Australia
1457,DRO,Durango (CO),USA
1458,DUR,Durban,South Africa
1459,DYU,Dushanbe (Duschanbe) - Dushanbe Airport,Tajikistan
1460,DUT,Dutch Harbor (AK),USA
1461,DYA,Dysart,Australia
1462,DZA,Dzaoudzi,Mayotte
1463,ELS,East London,South Africa
1464,IPC,Easter Island,Chile
1465,EAU,Eau Clarie (WI),USA
1466,EDI,Edinburgh - Edinburgh Airport,"Scotland, UK"
1467,YEA,Edmonton,Canada
1468,YEG,"Edmonton, International",Canada
1469,YXD,"Edmonton, Municipal",Canada
1470,EGS,Egilsstadir,Iceland
1471,EIN,Eindhoven,Netherlands
1472,AZS,Samana - Samaná El Catey International Airport,Dominican Republic
1473,EBA,"Elba Island, Marina Di Campo",Italy
1474,ETH,Elat,Israel
1475,VDA,"Elat, Ovula",Israel
1476,EKI,Elkhart (IN),USA
1477,EKO,Elko (NV),USA
1478,ELL,Ellisras,South Africa
1479,EMY,El Minya,Egypt
1480,ELM,Elmira (NY),USA
1481,ELP,El Paso (TX) - El Paso International Airport,USA
1482,ELY,Ely (NV),USA
1483,EDR,Emerald,Australia
1484,EMD,Emerald,Australia
1485,ENF,Enontekioe,Finland
1486,EBB,Entebbe - Entebbe International Airport,Uganda
1487,ERF,Erfurt - Erfurt Airport (Flughafen Erfurt),Germany
1488,ERI,Erie (PA),USA
1489,EVN,"Eriwan (Yerevan, Jerevan)",Armenia
1490,ERC,Erzincan,Turkey
1491,ERZ,Erzurum,Turkey
1492,EBJ,Esbjerg,Denmark
1493,ESC,Escanaba (MI),USA
1494,EPR,Esperance,Australia
1495,EUG,Eugene (OR),USA
1496,ACV,Eureka (CA),USA
1497,EVV,Evansville (IN),USA
1498,EVE,Evenes,Norway
1499,EXT,Exeter,United Kingdom
1500,FAI,Fairbanks (AK),USA
1501,FIE,Fair Isle (Shetland),United Kingdom
1502,LYP,Faisalabad,Pakistan
1503,FAR,Fargo (ND) (MN),USA
1504,FMN,Farmington (NM),USA
1505,FAO,Faro,Portugal
1506,FAE,Faroer - Vágar Airport,Denmark
1507,FYV,Fayetteville (AR),USA
1508,FAY,Fayetteville/Ft. Bragg (NC),USA
1509,FEZ,Fes,Morocco
1510,FSC,Figari,France
1511,FLG,Flagstaff (AZ),USA
1512,YFO,Flin Flon,Canada
1513,FNT,Flint (MI),USA
1514,FLR,Florence (Firenze) - Peretola Airport,Italy
1515,FLO,Florence (SC),USA
1516,FLN,Florianopolis,Brazil
1517,FRO,Floro,Norway
1518,YFA,Fort Albert,Canada
1519,FOR,Fortaleza - Pinto Martins Airport,Brazil
1520,FDF,Fort de France - Martinique Aimé Césaire International,Martinique
1521,FOD,Fort Dodge IA,USA
1522,FHU,Fort Huachuca/Sierra Vista (AZ),USA
1523,FLL,Fort Lauderdale/Hollywood (FL),USA
1524,YMM,Fort McMurray,Canada
1525,FMY,"Fort Myers, Metropolitan Area (FL)",USA
1526,RSW,"Fort Myers, Southwest Florida Reg (FL)",USA
1527,FRI,Fort Riley (KS) - Marshall AAF,USA
1528,YSM,Fort Smith,Canada
1529,FSM,Fort Smith (AR),USA
1530,YXJ,Fort St. John,Canada
1531,VPS,Fort Walton Beach (FL),USA
1532,FWA,Fort Wayne (IN),USA
1533,DFW,Fort Worth (TX) - Dallas/Fort Worth International Airport,USA
1534,FOU,Foula (Shetland),United Kingdom
1535,FRW,Francistown,Botswana
1536,FRA,Frankfurt/Main - Frankfurt Airport (Rhein-Main-Flughafen),Germany
1537,HHN,Frankfurt/Hahn,Germany
1538,FKL,Franklin/Oil City (PA),USA
1539,YFC,Fredericton,Canada
1540,FPO,Freeport - Grand Bahama International Airport,Bahamas
1541,FNA,Freetown - Freetown-Lungi International Airport,Sierra Leone
1542,FRJ,Frejus,France
1543,FAT,Fresno (CA),USA
1544,FDH,Friedrichshafen - Bodensee-Airport Friedrichshafen,Germany
1545,FUE,Fuerteventura,Spain
1546,FJR,"Fujairah, International Airport",United Arab Emirates
1547,FUK,Fukuoka,Japan
1548,FKS,Fukushima - Fukushima Airport,Japan
1549,FNC,Funchal,Portugal
1550,FUT,Futuna,Wallis and Futuna Islands
1551,GBE,Gaborone - Sir Seretse Khama International Airport,Botswana
1552,GAD,Gadsden (AL),USA
1553,GNV,Gainesville (FL),USA
1554,GWY,Galway,Ireland
1555,YQX,Gander,Canada
1556,GOU,Garoua,Cameroon
1557,GZA,Gaza City - Gaza International Airport,Palestinian Territory
1558,GZT,Gaziantep,Turkey
1559,GDN,Gdansk,Poland
1560,GEX,Geelong,Australia
1561,GVA,Geneva - Geneva-Cointrin International Airport,Switzerland
1562,GOA,Genoa,Italy
1563,GRJ,George,South Africa
1564,GEO,Georgetown - Cheddi Jagan International Airport,Guyana
1565,GET,Geraldton,Australia
1566,GRO,Gerona,Spain
1567,GNE,Ghent (Gent),Belgium
1568,GIB,Gibraltar,Gibraltar
1569,GCC,Gilette (WY),USA
1570,GIL,Gilgit,Pakistan
1571,YGX,Gillam,Canada
1572,GLT,Gladstone,Australia
1573,PIK,"Glasgow, Prestwick",United Kingdom
1574,GLA,Glasgow,United Kingdom
1575,GGW,Glasgow (MT),USA
1576,GDV,Glendive (MT),USA
1577,GOI,Goa,India
1578,GYN,"Goiania, Santa Genoveva Airport",Brazil
1579,OOL,Gold Coast,Australia
1580,GOO,Goondiwindi,Australia
1581,YYR,Goose Bay,Canada
1582,GOZ,Gorna,Bulgaria
1583,GOT,Gothenburg (Göteborg) - Landvetter,Sweden
1584,GOV,Gove (Nhulunbuy),Australia
1585,GHB,Govenors Harbour,Bahamas
1586,GRX,Granada,Spain
1587,FPO,Grand Bahama International,Bahamas
1588,GCN,Grand Canyon (AZ),USA
1589,GCM,Grand Cayman - Owen Roberts International,Cayman Islands
1590,GFK,Grand Forks (ND),USA
1591,GJT,Grand Junction (CO),USA
1592,GRR,Grand Rapids (MI),USA
1593,GPZ,Grand Rapids (MN),USA
1594,GRZ,Graz,Austria
1595,GTF,Great Falls (MT),USA
1596,GKL,Great Keppel Island,Australia
1597,GRB,Green Bay (WI),USA
1598,LWB,Greenbrier/Lewisburg (WV),USA
1599,GSO,Greensboro/Winston Salem (NC),USA
1600,GLH,Greenville (MS),USA
1601,PGV,Greenville (NC),USA
1602,GSP,Greenville/Spartanburg (SC),USA
1603,GND,Grenada - Point Salines Airport also Maurice Bishop,Grenada
1604,GNB,Grenoble,France
1605,GFF,Griffith,Australia
1606,GRQ,Groningen - Eelde,Netherlands
1607,GTE,Groote Eylandt - Alyangula,Australia
1608,GON,Groton/New London (CT),USA
1609,GDL,Guadalajara,Mexico
1610,GSI,Guadalcanal,Solomon Islands
1611,GUM,Guam,Guam
1612,CAN,Guangzhou (Canton) - Baiyun International Airport,"Guangdong, PR China"
1613,GRU,Sao Paulo - Guarulhos International,Brazil
1614,GUA,Guatemala City - La Aurora International Airport,Guatemala
1615,GYE,Guayaquil - Simon Bolivar,Ecuador
1616,GCI,Guernsey,Channel Islands
1617,GTI,Guettin,Germany
1618,GPT,Gulfport/Biloxi (MS),USA
1619,KWL,Guilin - Liangjiang,"Guangxi, PR China"
1620,ULU,Gulu,Uganda
1621,GUC,Gunnison/Crested Butte (CO),USA
1622,GAU,Guwahati,India
1623,GWD,Gwadar,Pakistan
1624,GWE,Gweru,Zimbabwe
1625,GYP,Gympie,Australia
1626,HAC,Hachijo Jima,Japan
1627,GUM,Hagåtña - Guam International Airport,Guam
1628,HFA,Haifa,Israel
1629,HNS,Haines (AK),USA
1630,HKD,Hakodate,Japan
1631,YHZ,Halifax International,Canada
1632,YUX,Hall Beach,Canada
1633,HAM,Hamburg - Fuhlsbuettel,Germany
1634,HLT,Hamilton,Australia
1635,YHM,Hamilton,Canada
1636,HLZ,Hamilton,New Zealand
1637,HTI,Hamilton Island,Australia
1638,HFT,Hammerfest,Norway
1639,CMX,Hancock (MI),USA
1640,HGH,Hangchow (Hangzhou),"Zhejiang, PR China"
1641,HAJ,Hannover,Germany
1642,HAN,Hanoi - Noi Bai International Airport,Vietnam
1643,HRE,Harare - Harare International Airport,Zimbabwe
1644,HRB,Harbin (Haerbin),"Heilongjiang, PR China"
1645,HRL,Harlingen/South Padre Island (TX),USA
1646,YHR,"Harrington Harbour, PQ",Canada
1647,HAR,Harrisburg (PA) - Harrisburg Skyport,USA
1648,MDT,Harrisburg (PA) - Harrisburg International,USA
1649,BDL,Hartford (CT) /Springfield (MA),USA
1650,HDY,Hatyai (Hat Yai),Thailand
1651,HAU,Haugesund,Norway
1652,HAV,Havana - José Martí International,Cuba
1653,HVR,Havre (MT),USA
1654,HIS,Hayman Island,Australia
1655,HLN,Helena (MT),USA
1656,JHE,Helsingborg,Sweden
1657,HEL,Helsinki - Vantaa,Finland
1658,HER,Heraklion,Greece
1659,HMO,Hermosillo - Gen. Pesqueira Garcia,Mexico
1660,HVB,Hervey Bay,Australia
1661,HIB,Hibbing (MN),USA
1662,HKY,Hickory (NC),USA
1663,ITO,Hilo (HI),USA
1664,HHH,Hilton Head Island (SC),USA
1665,HNK,Hinchinbrook Island,Australia
1666,HIJ,Hiroshima International,Japan
1667,SGN,Ho Chi Minh City (Saigon) - Tan Son Nhat International,Viet Nam
1668,HBA,Hobart,Australia
1669,HOQ,Hof,Germany
1670,HOG,Holguin,Cuba
1671,HMH,Home Hill,Australia
1672,HOM,Homer (AK),USA
1673,HKG,Hong Kong - International Airport (HKIA),Hong Kong
1674,ZJK,Hong Kong - Chek Lap Kok,Hong Kong
1675,HIR,Honiara Henderson International,Solomon Islands
1676,HNL,Honolulu (HI) - Honolulu International Airport,USA
1677,HNH,Hoonah (AK),USA
1678,HOR,Horta,Portugal
1679,HOU,"Houston (TX) , Hobby",USA
1680,IAH,"Houston, TX - George Bush Intercontinental Airport",USA
1681,HUH,Huahine,French Polynesia
1682,HUX,Huatulco,Mexico
1683,HUI,Hue - Phu Bai,Viet Nam
1684,HUY,Humberside,United Kingdom
1685,HTS,Huntington (WV),USA
1686,HSV,Huntsville (AL),USA
1687,HRG,Hurghada International,Egypt
1688,HON,Huron (SD),USA
1689,HWN,Hwange National Park,Zimbabwe
1690,HYA,Hyannis (MA),USA
1691,HYG,Hydaburg (AK),USA
1692,HYD,Hyderabad - Rajiv Gandhi International Airport,India
1693,HDD,Hyderabad,Pakistan
1694,IBZ,Ibiza,Ibiza/Spain
1695,IDA,Idaho Falls (ID),USA
1696,IGR,"Iguazu, Cataratas",Argentina
1697,ILP,Ile des Pins,New Caledonia
1698,IOU,Ile Ouen,New Caledonia
1699,ILI,Iliamna (AK),USA
1700,IPL,Imperial (CA),USA
1701,IVC,Incercargill,New Zealand
1702,ICN,"Incheon, Incheon International Airport",Korea South
1703,IND,Indianapolis (IN) International,USA
1704,IGH,Ingham,Australia
1705,IFL,Innisfail,Australia
1706,INN,Innsbruck - Kranebitten,Austria
1707,INL,International Falls (MN),USA
1708,YEV,Inuvik,Canada
1709,IVC,Invercargill,New Zealand
1710,INV,Inverness,United Kingdom
1711,IYK,Inykern (CA),USA
1712,YFB,Iqaluit (Frobisher Bay),Canada
1713,IQT,Iquitos,Peru
1714,IKT,Irkutsk,Russia
1715,ISG,Ishigaki - New Ishigaki Airport,Japan
1716,ISB,Islamabad - Benazir Bhutto International Airport,Pakistan
1717,ILY,Islay,United Kingdom
1718,IOM,Isle of Man,
1719,IST,Istanbul - Istanbul Atatürk Airport,Turkey
1720,SAW,Istanbul - Sabiha Gokcen,Turkey
1721,ITH,Ithaca/Cortland (NY),USA
1722,IVL,Ivalo,Finland
1723,ZIH,Ixtapa/Zihuatenejo,Mexico
1724,IZM,Izmir,Turkey
1725,ADB,Izmir - Adnan Menderes Airport,Turkey
1726,JAC,Jackson Hole (WY),USA
1727,JXN,Jackson (MI) - Reynolds Municipal,USA
1728,MJQ,"Jackson, MN",USA
1729,JAN,Jackson (MS) - Jackson Internationall,USA
1730,HKS,Jackson (MS) - Hawkins Field,USA
1731,MKL,Jackson (TN) - Mckellar,USA
1732,JAC,Jackson Hole (WY),USA
1733,LRF,Jacksonville (AR) Little Rock AFB,USA
1734,NZC,Jacksonville (FL) - Cecil Field NAS,USA
1735,NIP,Jacksonville (FL) Jacksonville NAS,USA
1736,JAX,Jacksonville (FL) - International,USA
1737,CRG,Jacksonville (FL) - Craig Municipal,USA
1738,IJX,Jacksonville (IL) - Municipal Airport,USA
1739,OAJ,Jacksonville (NC),USA
1740,JKV,Jacksonville (TX),USA
1741,JAK,Jacmel,Haiti
1742,JAG,Jacobabad,Pakistan
1743,JCM,Jacobina,Brazil
1744,JAQ,Jacquinot Bay,Papua New Guinea
1745,JAF,Jaffna - Kankesanturai,Sri Lanka
1746,JGB,Jagdalpur,India
1747,JAI,Jaipur - Sanganeer,India
1748,JSA,Jaisalmer,India
1749,HLP,Jakarta - Halim Perdana Kusuma,Indonesia
1750,JKT,Jakarta - Metropolitan Area,Indonesia
1751,CGK,Jakarta - Soekarno-Hatta International,Indonesia
1752,JAA,Jalalabad,Afghanistan
1753,JLR,Jalandhar,India
1754,JAL,Jalapa,Mexico
1755,JLS,Jales,Brazil
1756,UIT,Jaluit Island,Marshall Islands
1757,JMB,Jamba,Angola
1758,DJB,Jambi - Sultan Taha Syarifudn,Indonesia
1759,JAM,Jambol,Bulgaria
1760,JMS,Jamestown (ND),USA
1761,JHW,Jamestown (NY),USA
1762,IXJ,Jammu - Satwari,India
1763,JGA,Jamnagar - Govardhanpur,India
1764,IXW,Jamshedpur - Sonari Airport,India
1765,JKR,Janakpur,Nepal
1766,JAD,Jandakot,Australia
1767,JVL,Janesville (WI) - Rock County,USA
1768,JNA,Januaria,Brazil
1769,JQE,Jaque,Panama
1770,JTI,Jatai,Brazil
1771,JAU,Jauja,Peru
1772,DJJ,Jayapura - Sentani,Indonesia
1773,JED,Jeddah - King Abdulaziz International,Saudi Arabia
1774,JEF,Jefferson City (MO) - Jefferson Memorial,USA
1775,JEE,Jeremie - Jeremie Airport,Haiti
1776,XRY,Jerez de la Frontera/Cadiz - La Parra,Spain
1777,JER,Jersey,Channel Islands
1778,JRS,Jerusalem - Atarot Airport (closed),Israel
1779,JSR,Jessore - Jessore Airport,Bangladesh
1780,PYB,Jeypore - Jeypore Airport,India
1781,JGS,Ji'an,"Jiangxi, China"
1782,JMU,Jiamusi - Jiamusi Airport,PR China
1783,JGN,Jiayuguan - Jiayuguan Airport,PR China
1784,GJL,Jijel,Algeria
1785,JIJ,Jijiga,Ethiopia
1786,JIL,Jilin,PR China
1787,JIM,Jimma,Ethiopia
1788,TNA,Jinan,"Shandong, PR China"
1789,JDZ,Jingdezhen,PR China
1790,JHG,Jinghong - Gasa Airport,PR China
1791,JNG,Jining,PR China
1792,JIN,Jinja,Uganda
1793,JJN,Jinjiang,PR China
1794,BCO,Jinka - Baco/Jinka Airport,Ethiopia
1795,JNZ,Jinzhou - Jinzhou Airport,PR China
1796,JIP,Jipijapa,Ecuador
1797,JIR,Jiri,Nepal
1798,JIU,Jiujiang - Jiujiang Lushan Airport,PR China
1799,JIW,Jiwani,Pakistan
1800,JCB,Joacaba,Brazil
1801,JPA,Joao Pessoa - Castro Pinto Airport,Brazil
1802,JDH,Jodhpur,India
1803,JKG,Jönköping (Jonkoping) - Axamo Airport,Sweden
1804,JOE,Joensuu,Finland
1805,JNB,Johannesburg - OR Tambo International Airport,South Africa
1806,BGM,Johnson City (NY) - Binghamton/Endicott/Johnson,USA
1807,JON,Johnston Island,USA
1808,JST,Johnstown (PA),USA
1809,JHB,Johor Bahru - Sultan Ismail International,Malaysia
1810,JOI,Joinville - Cubatao Airport,Brazil
1811,JOL,Jolo,Philippines
1812,JMO,Jomsom,Nepal
1813,JBR,Jonesboro (AR) Jonesboro Airport,USA
1814,JLN,Joplin (MO),USA
1815,JRH,Jorhat - Rowriah Airport,India
1816,JOS,Jos,Nigeria
1817,JSM,Jose De San Martin,Argentina
1818,AJF,Jouf,Saudi Arabia
1819,JJI,Juanjui,Peru
1820,JUB,Juba,South Sudan
1821,JUI,Juist (island),Germany
1822,JDF,Juiz De Fora - Francisco De Assis Airport,Brazil
1823,JUJ,Jujuy - El Cadillal Airport,Argentina
1824,JCK,Julia Creek,Australia
1825,JUL,Juliaca,Peru
1826,JUM,Jumla,Nepal
1827,JUN,Jundah,Australia
1828,JNU,Juneau (AK) - Juneau International Airport,USA
1829,JNI,Junin,Argentina
1830,JUT,Juticalpa,Honduras
1831,JWA,Jwaneng,Botswana
1832,JYV,Jyväskylä (Jyvaskyla),Finland
1833,KBL,Kabul - Khwaja Rawash Airport,Afghanistan
1834,KOJ,Kagoshima,Japan
1835,KCM,Kahramanmaras,Turkey
1836,OGG,Kahului (HI),USA
1837,KAJ,Kajaani,Finland
1838,KLX,Kalamata,Greece
1839,AZO,Kalamazoo/Battle Creek (MI),USA
1840,KGI,Kalgoorlie,Australia
1841,KGD,Kaliningrad,Russia
1842,FCA,Kalispell (MT),USA
1843,KLR,Kalmar,Sweden
1844,YKA,"Kamloops, BC",Canada
1845,MUE,Kamuela (HI),USA
1846,KAN,Kano,Nigeria
1847,KNU,Kanpur,India
1848,MCI,Kansas City (MO) - Kansas City International Airport,USA
1849,KHH,Kaohsiung International,Taiwan
1850,JHM,Kapalua West (HI),USA
1851,KHI,Karachi - Jinnah International Airport,Pakistan
1852,FKB,Karlsruhe-Baden - Soellingen,Germany
1853,KSD,Karlstad,Sweden
1854,AOK,Karpathos,Greece
1855,KTA,Karratha,Australia
1856,KYS,Kars,Turkey
1857,KRB,Karumba,Australia
1858,KRP,Karup,Denmark
1859,ZKE,"Kaschechawan, PQ",Canada
1860,KSL,Kassala,Sudan
1861,KTR,Katherine,Australia
1862,KTM,Kathmandu - Tribhuvan International Airport,Nepal
1863,MPA,Katima Mulilo/Mpacha,Namibia
1864,KHJ,Kauhajoki,Finland
1865,MKK,Kaunakakai (HI),USA
1866,KVA,Kavalla,Greece
1867,ASR,Kayseri,Turkey
1868,KZN,Kazan - Kazan International Airport,Russia
1869,KMP,Keetmanshoop,Namibia
1870,YLW,"Kelowna, BC",Canada
1871,KEM,Kemi/Tornio,Finland
1872,ENA,Kenai (AK),USA
1873,MSE,Kent (Manston) Kent International,United Kingdom
1874,KIR,Kerry County,Ireland
1875,KTN,Ketchikan (AK),USA
1876,EYW,Key West (FL),USA
1877,AHB,Khamis Mushayat,Saudi Arabia
1878,UVL,Kharga - New Valley,Egypt
1879,HRK,Kharkov,Ukraine
1880,KRT,Khartoum - Khartoum International Airport,Sudan
1881,KDD,Khuzdar,Pakistan
1882,KEL,Kiel - Holtenau,Germany
1883,KBP,Kiev - Borispol,Ukraine
1884,IEV,Kiev - Zhulhany,Ukraine
1885,KGL,Kigali - Gregoire Kayibanda,Rwanda
1886,JRO,Kilimadjaro,Tanzania
1887,ILE,Killeem (TX),USA
1888,KIM,Kimberley,South Africa
1889,KNS,King Island,King Island (Australia)
1890,AKN,King Salomon (AK),USA
1891,KGC,Kingscote,Australia
1892,KIN,Kingston - Norman Manley,Jamaica
1893,ISO,Kingston (NC),USA
1894,SVD,Kingstown - E. T. Joshua Airport,Saint Vincent and the Grenadines
1895,FIH,Kinshasa - N'Djili,Congo (DRC)
1896,CXI,Kiritimati (island) - Cassidy International Airport,Kiribati
1897,KKN,Kirkenes,Norway
1898,KIK,Kirkuk,Iraq
1899,KOI,Kirkwall (Orkney),United Kingdom
1900,KRN,Kiruna,Sweden
1901,FKI,Kisangani,Congo (DRC)
1902,KTT,Kittilä,Finland
1903,KIW,Kitwe,Zambia
1904,KLU,Klagenfurt,Austria
1905,LMT,Klamath Fall (OR),USA
1906,KLW,Klawock (AK),USA
1907,KLZ,Kleinsee,South Africa
1908,NOC,Knock,Ireland
1909,TYS,Knoxville (TN),USA
1910,UKB,Kobe,Japan
1911,KCZ,Kochi,Japan
1912,CGN,"Köln, Köln/Bonn",Germany
1913,ADQ,Kodiak (AK),USA
1914,OHT,Kohat,Pakistan
1915,KOK,Kokkola/Pietarsaari,Finland
1916,CCU,Kolkata (Calcutta) - Netaji Subhas Chandra,India
1917,KMQ,Komatsu,Japan
1918,KOA,Kona (HI),USA
1919,KYA,Konya,Turkey
1920,HGO,Korhogo,Cote d'Ivoire
1921,KGS,Kos,Greece
1922,BKI,Kota Kinabalu,Malaysia
1923,OTZ,Kotzbue (AK),USA
1924,KWM,Kowanyama,Australia
1925,KRK,Krakow (Cracow) - John Paul II International Airport,Poland
1926,KRS,Kristiansand,Norway
1927,KID,Kristianstad,Sweden
1928,KSU,Kristiansund,Norway
1929,KUL,Kuala Lumpur - International Airport,Malaysia
1930,SZB,Kuala Lumpur - Sultan Abdul Aziz Shah,Malaysia
1931,KUA,Kuantan,Malaysia
1932,KCH,Kuching,Malaysia
1933,KMJ,Kumamoto,Japan
1934,KNX,Kununurra,Australia
1935,KUO,Kuopio,Finland
1936,KUH,Kushiro,Japan
1937,YVP,Kuujjuaq (FortChimo),Canada
1938,YGW,Kuujjuarapik,Canada
1939,KAO,Kuusamo,Finland
1940,KWI,Kuwait - Kuwait International,Kuwait
1941,UKY,Kyoto,Japan
1942,LEK,Labe,Guinea
1943,WLB,Labouchere Bay (AK),USA
1944,LBU,Labuan,Malaysia
1945,XLB,"Lac Brochet, MB",Canada
1946,LCG,La Coruna,Spain
1947,LSE,La Crosse (WI),USA
1948,LAE,Lae - Lae Nadzab Airport,Papua New Guinea
1949,LRH,La Rochelle,France
1950,LAF,Lafayette (IN),USA
1951,LFT,"Lafayette, La",USA
1952,LOS,Lagos - Murtala Muhammed Airport,Nigeria
1953,YGL,La Grande,Canada
1954,LHE,Lahore,Pakistan
1955,LCH,Lake Charles (LA),USA
1956,HII,Lake Havasu City (AZ),USA
1957,TVL,Lake Tahoe (CA),USA
1958,LKL,Lakselv,Norway
1959,LBQ,Lambarene,Gabon
1960,SUF,Lamezia Terme,Italy
1961,LMP,Lampedusa,Italy
1962,LNY,Lanai City (HI),USA
1963,LNS,Lancaster (PA),USA
1964,LEQ,Land's End,United Kingdom
1965,LGK,Langkawi (islands),Malaysia
1966,LAI,Lannion,France
1967,HLA,Lanseria,South Africa
1968,LAN,Lansing (MI),USA
1969,LPB,La Paz - El Alto,Bolivia
1970,LAP,La Paz - Leon,Mexico
1971,LPP,Lappeenranta,Finland
1972,LAR,Laramie (WY),USA
1973,LRD,Laredo (TX),USA
1974,LCA,Larnaca,Cyprus
1975,LPA,Las Palmas,Spain
1976,LAS,Las Vegas (NV),USA
1977,LBE,Latrobe (PA),USA
1978,LST,Launceston,Australia
1979,PIB,Laurel/Hattisburg (MS),USA
1980,LVO,Laverton,Australia
1981,LAW,Lawton (OK),USA
1982,LZC,Lazaro Cardenas,Mexico
1983,YLR,Leaf Rapids,Canada
1984,LEA,Learmouth (Exmouth),Australia
1985,LEB,Lebanon (NH),USA
1986,LBA,Leeds/Bradford,United Kingdom
1987,LER,Leinster,Australia
1988,LEJ,Leipzig,Germany
1989,LEY,Lelystad,Netherlands
1990,BJX,Leon,Mexico
1991,LNO,Leonora,Australia
1992,LWK,Lerwick/Tingwall (Shetland Islands),United Kingdom
1993,LWS,Lewiston (ID),USA
1994,LWT,Lewistown (MT),USA
1995,LEX,Lexington (KY),USA
1996,LBV,Libreville,Gabon
1997,LDK,Lidkoeping,Sweden
1998,LGG,Liege,Belgium
1999,LIF,Lifou,"Loyaute, Pazifik"
2000,LIH,Lihue (HI),USA
2001,LIL,Lille - Lille Airport,France
2002,LLW,Lilongwe - Lilongwe International,Malawi
2003,LIM,Lima - J Chavez International,Peru
2004,QLI,Limassol,Cyprus
2005,LIG,Limoges,France
2006,LNK,Lincoln (NE),USA
2007,LDC,Lindeman Island,Australia
2008,LNZ,Linz - Hoersching,Austria
2009,LIQ,Lisala,Congo (DRC)
2010,LIS,Lisbon - Lisboa,Portugal
2011,LSY,Lismore,Australia
2012,LIT,Little Rock (AR),USA
2013,LPL,Liverpool,United Kingdom
2014,LZR,Lizard Island,Australia
2015,LJU,Ljubljana - Brnik,Slovenia
2016,IRG,Lockhart River,Australia
2017,LFW,Lome,Togo
2018,YXU,London,Canada
2019,LON,London Metropolitan Area,United Kingdom
2020,LCY,London - City Airport,United Kingdom
2021,LGW,London - Gatwick,United Kingdom
2022,LHR,London - Heathrow,United Kingdom
2023,LTN,London - Luton,United Kingdom
2024,STN,London - Stansted,United Kingdom
2025,LDY,Londonderry - Eglinton,United Kingdom
2026,LGB,Long Beach (CA),USA
2027,LIJ,Long Island (AK),USA
2028,ISP,"Long Island, Islip (NY) - Mac Arthur",USA
2029,LRE,Longreach,Australia
2030,GGG,Longview/Kilgore (TX),USA
2031,LYR,Longyearbyen - Svalbard,Svalbard/Norway
2032,LTO,Loreto,Mexico
2033,LRT,Lorient,France
2034,LAX,Los Angeles (CA) - International,USA
2035,SJD,Los Cabos,Mexico
2036,LMM,Los Mochis,Mexico
2037,TFN,Los Rodeos,Teneriffa/Spain
2038,LSZ,Losinj - Losinj Arpt,Croatia (Hrvatska)
2039,LDE,Lourdes/Tarbes,France
2040,SDF,Louisville (KY),USA
2041,LAD,Luanda - 4 de Fevereiro,Angola
2042,LBB,Lubbock (TX),USA
2043,LKO,Lucknow,India
2044,LUD,Luederitz,Namibia
2045,MLA,Luga,Malta
2046,LUG,Lugano,Switzerland
2047,LLA,Lulea,Sweden
2048,FBM,Lumbumbashi,Congo (DRC)
2049,LUN,Lusaka - Lusaka International Airport,Zambia
2050,LUJ,Lusisiki,South Africa
2051,LUX,Luxembourg,Luxembourg
2052,LUM,Luxi - Mangshi,"Yunnan, PR China"
2053,LXR,Luxor,Egypt
2054,LWO,"Lvov (Lwow, Lemberg)",Ukraine
2055,LYX,Lydd - Lydd International Airport,United Kingdom
2056,LYH,Lynchburg (VA),USA
2057,LYS,Lyon - Lyon-Saint Exupéry Airport,France
2058,LYO,Lyons (KS) - Rice County Municipal,USA
2059,MST,Maastricht/Aachen,Netherlands
2060,MCP,Macapa - Alberto Alcolumbre International Airport,Brazil
2061,MFM,Macau - Macau International Airport,"Macau, China SAR"
2062,MCZ,Maceio - Zumbi dos Palmares International Airport,Brazil
2063,MKY,Mackay,Australia
2064,MCN,Macon (GA),USA
2065,NOP,Mactan Island - Nab,Philippines
2066,MED,Madinah (Medina) - Mohammad Bin Abdulaziz,Saudi Arabia
2067,MSN,Madison (WI) - Dane County Regional Airport,USA
2068,MAA,Madras (Chennai) - Chennai International Airport,India
2069,MAD,Madrid - Barajas Airport,Spain
2070,SEZ,Mahe - Seychelles International,Seychelles
2071,MAH,Mahon,Spain
2072,MTL,Maitland,Australia
2073,MJN,Majunga,Madagascar
2074,MZG,Makung,Taiwan
2075,SSG,Malabo - Malabo International Airport,Equatorial Guinea
2076,AGP,Malaga,Spain
2077,MLX,Malatya,Turkey
2078,MLE,Male - Velana International Airport,Maledives
2079,MYD,Malindi,Kenya
2080,MMA,Malmo (Malmoe),Sweden
2081,MMX,Malmo (Malmö) - Malmö Airport,Sweden
2082,MJC,Man,Cote d'Ivoire
2083,MGA,Managua - Augusto C Sandino,Nicaragua
2084,MAO,Manaus - Eduardo Gomes International Airport,Brazil
2085,MAN,Manchester,United Kingdom
2086,MHT,Manchester (NH),USA
2087,MDL,Mandalay - Mandalay-Annisaton Airport,Myanmar
2088,MFO,Manguna,Papua New Guinea
2089,XMH,Manihi,French Polynesia
2090,MNL,Manila - Ninoy Aquino International,Philippines
2091,ZLO,Manzanillo,Mexico
2092,MTS,Manzini - Matsapha International,Swaziland
2093,MPM,Maputo - Maputo International,Mozambique
2094,MDQ,Mar del Plata,Argentina
2095,MAR,Maracaibo - La Chinita International,Venezuela
2096,MFQ,Maradi,Niger
2097,KCM,Maras,Turkey
2098,MTH,Marathon (FL),USA
2099,MQM,Mardin,Turkey
2100,MEE,Mare,New Caledonia
2101,MGH,Margate,South Africa
2102,PMV,Margerita,Venezuela
2103,MBX,Maribor,Slovenia
2104,MHQ,Mariehamn (Maarianhamina),Finland
2105,MVR,Maroua,Cameroon
2106,MQT,Marquette (MI),USA
2107,RAK,Marrakesh - Menara Airport,Morocco
2108,RMF,Marsa Alam,Egypt
2109,MUH,Marsa Matrah (Marsa Matruh),Egypt
2110,MRS,Marseille - Marseille Provence Airport,France
2111,MHH,Marsh Harbour,Bahamas
2112,MVY,Martha's Vineyard (MA),USA
2113,MRB,Martinsburg (WV),USA
2114,MBH,Maryborough,Australia
2115,MSU,Maseru - Moshoeshoe International,Lesotho
2116,MCW,Mason City IA,USA
2117,MVZ,Masvingo,Zimbabwe
2118,MMJ,"Matsumoto, Nagano",Japan
2119,MYJ,Matsuyama,Japan
2120,MTO,Mattoon (IL),USA
2121,MUB,Maun,Botswana
2122,MAU,Maupiti,French Polynesia
2123,MRU,Mauritius - S.Seewoosagur Ram International,Mauritius
2124,MAZ,Mayaguez,Puerto Rico
2125,MZT,Mazatlan,Mexico
2126,MFE,McAllen (TX),USA
2127,MES,Medan - Polania Int'l (now Soewondo AFB),Indonesia
2128,KNO,Medan - Kualanamu International,Indonesia
2129,MDE,Medellin - José María Córdova International,Colombia
2130,MFR,Medford (OR),USA
2131,MED,Medina,Saudi Arabia
2132,MKR,Meekatharra,Australia
2133,MEL,Melbourne - Melbourne Airport (Tullamarine),Australia
2134,MLB,Melbourne (FL),USA
2135,DOM,Melville Hall,Dominica
2136,MEM,Memphis (TN),USA
2137,MDZ,Mendoza,Argentina
2138,MDC,Manado,Indonesia
2139,MCE,Merced (CA),USA
2140,MID,Merida,Mexico
2141,MEI,Meridian (MS),USA
2142,MIM,Merimbula,Australia
2143,MEZ,Messina,South Africa
2144,MTM,Metlakatla (AK),USA
2145,MZM,Metz - Frescaty,France
2146,ETZ,Metz/Nancy Metz-Nancy-Lorraine,France
2147,MXL,Mexicali,Mexico
2148,MEX,Mexico City - Mexico City International Airport,Mexico
2149,AZP,Mexico City - Atizapan,Mexico
2150,MEX,Mexico City - Juarez International,Mexico
2151,NLU,Mexico City - Santa Lucia,Mexico
2152,MFU,Mfuwe,Zambia
2153,MIA,Miami (FL),USA
2154,MWD,Mianwali,Pakistan
2155,MMM,Middlemount,Australia
2156,MAF,Midland/Odessa (TX),USA
2157,MDY,Midway Island - Sand Island Field,US Minor Outlying Islands
2158,MIK,Mikkeli,Finland
2159,MIL,Milan,Italy
2160,LIN,Milan - Linate,Italy
2161,MXP,Milan - Malpensa,Italy
2162,BGY,Milan - Orio Al Serio,Italy
2163,MQL,Mildura,Australia
2164,MLS,Miles City (MT),USA
2165,MFN,Milford Sound,New Zealand
2166,MKE,Milwaukee (WI),USA
2167,MTT,Minatitlan,Mexico
2168,MRV,Mineralnye Vody,Russia
2169,MSP,Minneapolis - St. Paul International Airport (MN),USA
2170,MOT,Minot (ND),USA
2171,MSQ,"Minsk, International",Belarus
2172,MYY,Miri,Malaysia
2173,QML,Mirpur,Pakistan
2174,MSO,Missula (MT),USA
2175,MHE,Mitchell (SD),USA
2176,MMY,Miyako Jima (Ryuku Islands) - Hirara,Japan
2177,KMI,Miyazaki,Japan
2178,MBM,Mkambati,South Africa
2179,MFF,Moanda,Gabon
2180,MOB,Mobile (AL) - Pascagoula (MS),USA
2181,MOD,Modesto (CA),USA
2182,MJD,Moenjodaro,Pakistan
2183,MGQ,Mogadishu,Somalia
2184,OKU,Mokuti,Namibia
2185,MLI,Moline/Quad Cities (IL),USA
2186,MBA,Mombasa - Moi International,Kenya
2187,MIR,Monastir,Tunisia
2188,YQM,Moncton,Canada
2189,MLU,Monroe (LA),USA
2190,MLW,Monrovia - Metropolitan Area,Liberia
2191,ROB,Monrovia - Roberts International,Liberia
2192,MBJ,Montego Bay - Sangster International,Jamaica
2193,QGF,Montenegro,Brazil
2194,MRY,Monterey (CA),USA
2195,MTY,Monterrey - Gen. Mariano Escobedo,Mexico
2196,NTR,Monterrey - Aeropuerto Del Norte,Mexico
2197,MVD,Montevideo - Carrasco International Airport,Uruguay
2198,MGM,Montgomery (AL) - Montgomery Regional Airport,USA
2199,MPL,Montpellier - Montpellier–Méditerranée Airport,France
2200,YMQ,Montreal,Canada
2201,YUL,Montreal - Dorval (Montréal-Trudeau),Canada
2202,YMX,Montreal - Mirabel,Canada
2203,MTJ,Montrose/Tellruide (CO),USA
2204,MOZ,Moorea,French Polynesia
2205,MOV,Moranbah,Australia
2206,MRZ,Moree,Australia
2207,MLM,Morelia,Mexico
2208,MGW,Morgantown (WV),USA
2209,HNA,"Morioka, Hanamaki",Japan
2210,HAH,Moroni - Prince Said Ibrahim,Comoros (Comores)
2211,MYA,Moruya,Australia
2212,MOW,Moscow - Metropolitan Area,Russia
2213,DME,Moscow - Domodedovo,Russia
2214,SVO,Moscow - Sheremetyevo,Russia
2215,VKO,Moscow - Vnukovo,Russia
2216,MWH,Moses Lake (WA),USA
2217,MZY,Mossel Bay,South Africa
2218,OMO,Mostar,Bosnia and Herzegovina
2219,OSM,Mosul,Iraq
2220,MJL,Mouila,Gabon
2221,MQQ,Moundou,Chad
2222,GTN,Mount Cook,New Zealand
2223,MGB,Mount Gambier,Australia
2224,MMG,Mount Magnet,Australia
2225,ISA,Mt. Isa,Australia
2226,MCL,Mt. McKinley (AK),USA
2227,MUC,Muenchen (Munich) - Franz Josef Strauss,Germany
2228,FMO,Muenster/Osnabrueck,Germany
2229,MLH,Mulhouse,France
2230,MUX,Multan,Pakistan
2231,MJV,Murcia,Spain
2232,MMK,Murmansk,Russia
2233,MSR,Mus,Turkey
2234,MCT,Muscat - Seeb,Oman
2235,MSL,Muscle Shoals (AL),USA
2236,MKG,Muskegon (MI),USA
2237,MFG,Muzaffarabad,Pakistan
2238,MVB,Mvengue,Gabon
2239,JMK,Mykonos,Greece
2240,MYR,Myrtle Beach (SC) - Myrtle Beach AFB,USA
2241,CRE,Myrtle Beach (SC) - Grand Strand Airport,USA
2242,MYQ,Mysore,India
2243,MJT,Mytilene (Lesbos),Greece
2244,MZF,Mzamba,South Africa
2245,NAN,Nadi,Fiji
2246,NGS,Nagasaki,Japan
2247,NGO,Nagoya - Komaki AFB,Japan
2248,NAG,Nagpur,India
2249,NBO,Nairobi,Kenya
2250,NAJ,Nakhichevan,Azerbaijan
2251,NST,Nakhon Si Thammarat,Thailand
2252,ENC,Nancy,France
2253,YSR,Nanisivik,Canada
2254,NNG,Nanning,"Guangxi, PR China"
2255,NTE,Nantes - Nantes Atlantique Airport,France
2256,ACK,Nantucket (MA),USA
2257,NAP,Naples - Naples Capodichino Airport,Italy
2258,APF,Naples (FL),USA
2259,NAA,Narrabri,Australia
2260,NRA,Narrandera,Australia
2261,UAK,Narsarsuaq,Greenland
2262,BNA,Nashville (TN),USA
2263,NAS,Nassau,Bahamas
2264,NAT,Natal - Augusto Severo International Airport,Brazil
2265,SUV,Nausori,Fiji/Suva
2266,WNS,Nawab Shah,Pakistan
2267,JNX,Naxos - Naxos Airport,Greece
2268,NDJ,N'Djamena,Chad
2269,NLA,N'Dola,Zambia
2270,NSN,Nelson,New Zealand
2271,NLP,Nelspruit,South Africa
2272,MQP,Nelspruit - Kruger Mpumalanga International Airport,South Africa
2273,NEV,Nevis,St. Kitts and Nevis
2274,EWN,New Bern (NC),USA
2275,HVN,New Haven (CT),USA
2276,MSY,"New Orleans, La",USA
2277,NQY,Newquay,United Kingdom
2278,UVL,New Valley - Kharga,Egypt
2279,JFK,New York - John F. Kennedy (NY),USA
2280,LGA,New York - LaGuardia (NY),USA
2281,EWR,New York - Newark (NJ),USA
2282,NYC,New York (NY),USA
2283,SWF,Newburgh (NY),USA
2284,BEO,Newcastle - Belmont,Australia
2285,NTL,Newcastle - Williamtown,Australia
2286,NCL,Newcastle,United Kingdom
2287,NCS,Newcastle,South Africa
2288,ZNE,Newman,Australia
2289,PHF,Newport News/Williamsburg (VA),USA
2290,NGE,N'Gaoundere,Cameroon
2291,IAG,Niagara Falls International,USA
2292,NIM,Niamey,Niger
2293,NCE,Nice - Cote D'Azur Airport,France
2294,NIC,Nicosia,Cyprus
2295,NLV,Nikolaev,Ukraine
2296,KIJ,Niigata,Japan
2297,FNI,Nimes,France
2298,INI,Nis,Serbia
2299,GOJ,Nizhny Novgorod - Strigino International Airport,Russia
2300,OME,Nome (AK),USA
2301,NSA,Noosa,Australia
2302,NLK,Norfolk Island,Australia
2303,ORF,Norfolk/Virginia Beach (VA),USA
2304,YVQ,Norman Wells,Canada
2305,NRK,Norrkoeping,Sweden
2306,OTH,North Bend (OR),USA
2307,ELH,North Eleuthera,Bahamas
2308,NWI,Norwich,United Kingdom
2309,EMA,Nottingham - East Midlands,United Kingdom
2310,NDB,Nouadhibou,Mauritania
2311,NKC,Nouakchott,Mauritania
2312,NOU,Noumea,New Caledonia
2313,QND,Novi Sad,Serbia
2314,OVB,Novosibirsk - Tolmachevo Airport,Russia
2315,NUE,Nürnberg (Nuremberg),Germany
2316,NLD,Nuevo Laredo,Mexico
2317,TBU,Nuku'alofa - Fua'Amotu International,Tonga
2318,OAK,Oakland (CA),USA
2319,OAX,Oaxaca - Xoxocotlan,Mexico
2320,ODE,Odense,Denmark
2321,ODS,Odessa,Ukraine
2322,ORB,Oerebro,Sweden
2323,OHD,Ohrid,Macedonia
2324,OIT,Oita,Japan
2325,OKJ,Okayama,Japan
2326,OKA,"Okinawa, Ryukyo Island - Naha",Japan
2327,OKC,Oklahoma City (OK) - Will Rogers World,USA
2328,OLB,Olbia,Italy
2329,OLP,Olympic Dam,Australia
2330,OMA,Omaha (NE),USA
2331,OND,Ondangwa,Namibia
2332,ONT,Ontario (CA),USA
2333,ORN,Oran (Ouahran),Algeria
2334,OAG,Orange,Australia
2335,SNA,Orange County (Santa Ana) (CA),USA
2336,OMD,Oranjemund,Namibia
2337,AUA,Oranjestad - Reina Beatrix International,Aruba
2338,KOI,Orkney - Kirkwall,United Kingdom
2339,ORL,Orlando Metropolitan Area (FL),USA
2340,MCO,Orlando - International Airport (FL),USA
2341,ORS,Orpheus Island,Australia
2342,OSA,"Osaka, Metropolitan Area",Japan
2343,ITM,Osaka - Itami,Japan
2344,KIX,Osaka - Kansai International Airport,Japan
2345,OSH,Oshkosh (WI),USA
2346,OSI,Osijek,Croatia (Hrvatska)
2347,OSL,"Oslo - Oslo Airport, Gardermoen",Norway
2348,FBU,Oslo - Fornebu,Norway
2349,TRF,Oslo - Sandefjord,Norway
2350,YOW,Ottawa - Hull,Canada
2351,ODA,Ouadda,Central African Republic
2352,OZZ,Ouarzazate,Morocco
2353,OUH,Oudtshoorn,South Africa
2354,OUA,Ouagadougou,Burkina Faso
2355,OUD,Oujda,Morocco
2356,OUL,Oulu,Finland
2357,OUK,Out Skerries (Shetland),United Kingdom
2358,OVD,Oviedo,Spain
2359,OWB,Owensboro (KY),USA
2360,OXR,Oxnard (CA),USA
2361,UVE,Oyem,Gabon/Loyautte
2362,PAD,Paderborn/Lippstadt,Germany
2363,PAH,Paducah (KY),USA
2364,PGA,Page/Lake Powell (AZ),USA
2365,PPG,Pago Pago,American Samoa
2366,PKB,Pakersburg (WV) /Marietta (OH),USA
2367,PMO,Palermo - Punta Raisi,Italy
2368,PMI,Palma de Mallorca,Spain
2369,PMW,Palmas,Brazil
2370,PMD,Palmdale/Lancaster (CA),USA
2371,PMR,Palmerston North,New Zealand
2372,PSP,Palm Springs (CA),USA
2373,PTY,Panama City - Tocumen International,Panama
2374,PFN,Panama City (FL),USA
2375,PJG,Panjgur,Pakistan
2376,PNL,Pantelleria,Italy
2377,PPT,Papeete - Faaa,French Polynesia (Tahiti)
2378,PFO,Paphos,Cyprus
2379,PBO,Paraburdoo,Australia
2380,PBM,Paramaribo - Zanderij International,Suriname
2381,PAR,Paris,France
2382,CDG,Paris - Charles de Gaulle,France
2383,LBG,Paris - Le Bourget,France
2384,ORY,Paris - Orly,France
2385,PBH,Paro,Bhutan
2386,PSC,Pasco (WA),USA
2387,PSI,Pasni,Pakistan
2388,PAT,Patna,India
2389,PYX,Pattaya,Thailand
2390,PUF,Pau,France
2391,PLN,Pellston (MI),USA
2392,PEN,Penang International,Malaysia
2393,PDT,Pendelton (OR),USA
2394,PNS,Pensacola (FL),USA
2395,PIA,Peoria/Bloomington (IL),USA
2396,PEI,Pereira,Colombia
2397,PGF,Perpignan,France
2398,PER,Perth International,Australia
2399,PEG,Perugia,Italy
2400,PSR,Pescara,Italy
2401,PEW,Peshawar,Pakistan
2402,PSG,Petersburg (AK),USA
2403,PHW,Phalaborwa,South Africa
2404,PHL,Philadelphia (PA) - International,USA
2405,PNH,Phnom Penh - Pochentong,Cambodia
2406,PHX,Phoenix (AZ) - Sky Harbor International,USA
2407,HKT,Phuket,Thailand
2408,PIR,Pierre (SD),USA
2409,PZB,Pietermaritzburg,South Africa
2410,PTG,Pietersburg,South Africa
2411,NTY,Pilanesberg/Sun City,South Africa
2412,PSA,Pisa - Galileo Galilei,Italy
2413,PIT,Pittsburgh International Airport (PA),USA
2414,PLB,Plattsburgh (NY),USA
2415,PBZ,Plettenberg Bay,South Africa
2416,PIH,Pocatello (ID),USA
2417,TGD,Podgorica,Montenegro
2418,PNI,Pohnpei,Micronesia
2419,PTP,Pointe a Pitre,Guadeloupe
2420,PNR,Pointe Noire,Congo (ROC)
2421,PIS,Poitiers - Biard,France
2422,PSE,Ponce,Puerto Rico
2423,PDL,Ponta Delgada,Portugal
2424,POR,Pori,Finland
2425,CLM,Port Angeles (WA),USA
2426,PAP,Port au Prince,Haiti
2427,PUG,Port Augusta,Australia
2428,PLZ,Port Elizabeth,South Africa
2429,POG,Port Gentil,Gabon
2430,PHC,Port Harcourt,Nigeria
2431,PHE,Port Hedland,Australia
2432,PTJ,Portland,Australia
2433,PWM,Portland (ME),USA
2434,PDX,Portland International (OR),USA
2435,PLO,Port Lincoln,Australia
2436,PQQ,Port Macquarie,Australia
2437,YPN,"Port Menier, PQ",Canada
2438,POM,Port Moresby - Jackson Field,Papua New Guinea
2439,OPO,Porto,Portugal
2440,POA,Porto Alegre - Salgado Filho International Airport,Brazil
2441,POS,Port of Spain - Piarco International,Trinidad and Tobago
2442,PSD,Port Said,Egypt
2443,PXO,Porto Santo,Portugal
2444,PVH,Porto Velho,Brazil
2445,VLI,Port Vila,Vanuatu
2446,POU,Poughkeepsie (NY),USA
2447,POZ,"Poznan, Lawica",Poland
2448,PRG,Prague - Václav Havel Airport (formerly Ruzyne),Czech Republic
2449,RAI,Praia - Nelson Mandela International Airport,Cape Verde
2450,PQI,Presque Island (ME),USA
2451,PRY,Pretoria - Wonderboom Apt.,South Africa
2452,PVK,Preveza/Lefkas,Greece
2453,YXS,Prince George,Canada
2454,YPR,Prince Rupert/Digby Island,Canada
2455,PRN,Pristina,Serbia
2456,PPP,Prosperpine,Australia
2457,PVD,Providence (RI),USA
2458,SCC,Prudhoe Bay (AK),USA
2459,PBC,Puebla,Mexico
2460,PUB,Pueblo (CO),USA
2461,PXM,Puerto Escondido,Mexico
2462,PZO,Puerto Ordaz,Venezuela
2463,POP,Puerto Plata,Dominican Republic
2464,PVR,Puerto Vallarta,Mexico
2465,XPK,Pukatawagan,Canada
2466,PUY,Pula,Croatia (Hrvatska)
2467,PUW,Pullman (WA),USA
2468,PNQ,Pune,"India, Maharashtra"
2469,PUQ,Punta Arenas - Presidente Carlos Ibáñez del Campo,Chile
2470,PUJ,Punta Cana - Punta Cana International,Dominican Republic
2471,PUS,Pu San (Busan) - Gimhae International Airport,South Korea
2472,FNJ,Pyongyang - Sunan International Airport,North Korea
2473,YQB,Quebec - Quebec International,Canada
2474,UEE,Queenstown,Australia
2475,ZQN,Queenstown,New Zealand
2476,UET,Quetta,Pakistan
2477,TAO,Qingdao,"Shandong, PR China"
2478,UIP,Quimper,France
2479,UIN,Quincy (IL),USA
2480,UIO,Quito - Mariscal Sucre International Airport,Ecuador
2481,RBA,Rabat - Rabat-Salé Airport,Morocco
2482,RYK,Rahim Yar Khan - Shaikh Zayed International Airport,Pakistan
2483,RFP,Raiatea,French Polynesia
2484,YOP,"Rainbow Lake, AB",Canada
2485,RAJ,Rajkot,India
2486,RDU,Raleigh/Durham (NC),USA
2487,IXR,Ranchi,India
2488,RGI,Rangiroa,French Polynesia
2489,RGN,Rangoon (Yangon) - Mingaladon,Myanmar
2490,RAP,Rapid City (SD),USA
2491,RAR,Rarotonga,Cook Island
2492,RKT,Ras al Khaymah (Ras al Khaimah),United Arab Emirates
2493,RAZ,Rawala Kot,Pakistan
2494,RWP,Rawalpindi,Pakistan
2495,RDG,Reading (PA),USA
2496,REC,Recife - Guararapes-Gilberto Freyre International,Brazil
2497,RDD,Redding (CA),USA
2498,RDM,Redmond (OR),USA
2499,REG,Reggio Calabria,Italy
2500,YQR,Regina,Canada
2501,TFS,Reina Sofia,Teneriffa/Spain
2502,RNS,Rennes,France
2503,RNO,Reno (NV),USA
2504,YRB,Resolute Bay,Canada
2505,REU,Reus,Spain
2506,REK,Reykjavik - Metropolitan Area,Iceland
2507,KEF,Reykjavik - Keflavik International,Iceland
2508,RHI,Rhinelander (WI),USA
2509,RHO,Rhodos,Greece
2510,RCB,Richards Bay,South Africa
2511,RIC,Richmond (VA),USA
2512,RIX,Riga,Latvia
2513,RJK,Rijeka,Croatia (Hrvatska)
2514,RMI,Rimini,Italy
2515,RBR,Rio Branco - Plácido de Castro International Airport,Brazil
2516,GIG,Rio de Janeiro - Galeao,Brazil
2517,SDU,Rio de Janeiro - Santos Dumont,Brazil
2518,RIO,Rio de Janeiro,Brazil
2519,RUH,Riyadh - King Khaled International,Saudi Arabia
2520,RNE,Roanne,France
2521,ROA,Roanoke (VA),USA
2522,RTB,Roatan,Honduras
2523,RST,Rochester (MN),USA
2524,ROC,Rochester (NY),USA
2525,RSD,Rock Sound,Bahamas
2526,RKS,Rock Springs (WY),USA
2527,RFD,Rockford (IL),USA
2528,ROK,Rockhampton,Australia
2529,RKD,Rockland (ME),USA
2530,RWI,Rocky Mount - Wilson (NC),USA
2531,RDZ,Rodez,France
2532,RRG,Rodrigues Island,Mauritius
2533,RNN,Roenne,Denmark
2534,ROM,Rome,Italy
2535,CIA,Rome - Ciampino,Italy
2536,FCO,Rome - Fuimicino,Italy
2537,RNB,Ronneby,Sweden
2538,ROS,Rosario,Argentina
2539,RVI,Rostov-on-Don - Rostov-on-Don Airport,Russia
2540,ROV,Rostov-on-Don - Platov International Airport,Russia
2541,ROT,Rotorua,New Zealand
2542,RTM,Rotterdam,Netherlands
2543,RVN,Rovaniemi,Finland
2544,NDU,Rundu,Namibia
2545,ROU,Ruse,Bulgaria
2546,SCN,Saarbruecken,Germany
2547,SMF,Sacramento (CA),USA
2548,SDS,Sado Shima,Japan
2549,MBS,Saginaw/Bay City/Midland (MI),USA
2550,SDT,Saidu Sharif,Pakistan
2551,SGN,Saigon (Ho Chi Minh City) - Tan Son Nhat International,Viet Nam
2552,SBK,Saint Brieuc,France
2553,RUN,Saint Denis - Roland Garros Airport,Reunion
2554,YSJ,Saint John,Canada
2555,SPN,Saipan,Northern Mariana Islands
2556,SID,Sal,Cape Verde
2557,SLL,Salalah,Oman
2558,SLE,Salem (OR),USA
2559,SNS,Salinas (CA),USA
2560,SNC,Salinas,Ecuador
2561,SAY,Salisbury,Zimbabwe
2562,SBY,Salisbury (MD),USA
2563,SKG,Saloniki,Greece
2564,SLA,"Salta, Gen Belgrano",Argentina
2565,SLC,Salt Lake City (UT),USA
2566,SSA,Salvador - Salvador International Airport,Brazil
2567,SZG,Salzburg - W.A. Mozart,Austria
2568,KUF,Samara - Kurumoch International Airport,Russia
2569,SKD,Samarkand - Samarkand International Airport,Uzbekistan
2570,SMI,Samos,Greece
2571,SZF,Samsun,Turkey
2572,ADZ,San Andres,Colombia
2573,SJT,San Angelo (TX),USA
2574,SAT,San Antonio (TX),USA
2575,BRC,San Carlos de Bariloche,Argentina
2576,SAN,San Diego - Lindberg Field International (CA),USA
2577,SFO,"San Francisco - International Airport, SA",USA
2578,SJD,San Jose Cabo,Mexico
2579,SJO,San Jose,Costa Rica
2580,SJC,San Jose (CA),USA
2581,SJU,San Juan - Luis Munoz Marin International Airport,Puerto Rico
2582,SBP,San Luis Obisco (CA),USA
2583,SLP,San Luis Potosi,Mexico
2584,SPY,San Pedro,Cote d'Ivoire
2585,SAP,San Pedro Sula,Honduras
2586,ZSA,San Salvador,Bahamas
2587,SAL,San Salvador,El Salvador
2588,EAS,San Sebastian,Spain
2589,SAH,Sanaa (Sana'a) - Sana'a International,Yemen
2590,YZP,Sandspit,Canada
2591,SNA,Santa Ana - John Wayne Airport (CA),USA
2592,SBA,Santa Barbara (CA),USA
2593,SPC,Santa Cruz de la Palma,Spain
2594,SRZ,Santa Cruz de la Sierra,Bolivia
2595,SKV,Santa Katarina - Mount Sinai,Egypt
2596,SMA,Santa Maria,Portugal
2597,SMX,Santa Maria (CA),USA
2598,SDR,Santander,Spain
2599,STS,Santa Rosa (CA),USA
2600,SRB,Santa Rosa,Bolivia
2601,SRA,Santa Rosa,Brazil
2602,RSA,Santa Rosa,Argentina
2603,SDH,"Santa Rosa, Copan",Honduras
2604,SSL,Santa Rosalia,Colombia
2605,SRL,Santa Rosalia,Mexico
2606,SCU,Santiago - Antonio Maceo Airport,Cuba
2607,SCL,Santiago de Chile - Arturo Merino Benitez,Chile
2608,SCQ,Santiago de Compostela,Spain
2609,SON,Santo,Vanuatu
2610,SDQ,Santo Domingo,Dominican Republic
2611,SLZ,Sao Luis - Marechal Cunha Machado International,Brazil
2612,SAO,Sao Paulo,Brazil
2613,CGH,Sao Paulo - Congonhas,Brazil
2614,GRU,Sao Paulo - Guarulhos,Brazil
2615,VCP,Sao Paulo - Viracopos,Brazil
2616,TMS,Sao Tome,Sao Tome & Principe
2617,SPK,Sapporo,"Hokkaido, Japan"
2618,OKD,Sapporo - Okadama,"Hokkaido, Japan"
2619,CTS,Sapporo - New Chitose Airport,Japan
2620,SJJ,Sarajevo,Bosnia and Herzegovina
2621,SKX,Saransk - Saransk Airport,Russia
2622,SRQ,Sarasota/Bradenton (FL),USA
2623,YXE,Saskatoon,Canada
2624,ZSS,Sassandra,Cote d'Ivoire
2625,SAV,Savannah (GA),USA
2626,SVL,Savonlinna,Finland
2627,TAB,Scarborough - Crown Point International,Trinidad and Tobago
2628,NSO,Scone,Australia
2629,SCF,Scottsdale (AZ),USA
2630,SEA,Seattle/Tacoma (WA),USA
2631,SEB,Sehba,Libya
2632,SJY,Seinaejoki,Finland
2633,PKW,Selibi Phikwe,Botswana
2634,SDJ,Sendai,Japan
2635,ICN,Seoul - Incheon International Airport,South Korea
2636,SEL,Seoul - Kimpo,South Korea
2637,SVQ,Sevilla,Spain
2638,SFA,Sfax,Tunisia
2639,ZTM,"Shamattawa, MB",Canada
2640,SHA,Shanghai - Hongqiao,China
2641,PVG,Shanghai - Pu Dong,China
2642,SNN,Shannon (Limerick),Ireland
2643,SHJ,Sharjah,United Arab Emirates
2644,SSH,Sharm El Sheikh,Egypt
2645,SZD,"Sheffield, City Airport",United Kingdom
2646,DSA,"Sheffield, Doncaster, Robin Hood International Airport",United Kingdom
2647,SHD,Shenandoah Valley/Stauton (VA),USA
2648,SHE,Shenyang,"Liaoning, PR China"
2649,SZX,Shenzhen - Shenzhen Bao'an International,"Guangdong, PR China"
2650,SHR,Sheridan (WY),USA
2651,SHV,"Shreveport, La",USA
2652,JHQ,Shute Harbour,Australia
2653,SBW,Sibu,Malaysia
2654,SDY,Sidney (MT),USA
2655,SLS,Silistra,Bulgaria
2656,SIP,Simferopol,Ukraine
2657,MPD,Sindhri,Pakistan
2658,SIN,Singapore - Changi,Singapore
2659,QPG,Singapore - Paya Lebar,Singapore
2660,XSP,Singapore - Seletar,Singapore
2661,SIX,Singleton,Australia
2662,SUX,Sioux City IA,USA
2663,FSD,Sioux Falls (SD),USA
2664,SIS,Sishen,South Africa
2665,SIT,Sitka (AK),USA
2666,VAS,Sivas,Turkey
2667,SEW,Siwa,Egypt
2668,SGY,Skagway (AK),USA
2669,KDU,Skardu,Pakistan
2670,JSI,Skiathos,Greece
2671,SKP,Skopje,Macedonia
2672,SKS,Skrydstrup,Denmark
2673,SZK,Skukuza,South Africa
2674,SXL,Sligo,Ireland
2675,YYD,Smithers,Canada
2676,SOT,Sodankylae,Finland
2677,SGD,Soenderborg,Denmark
2678,SFJ,Soendre Stroemfjord,Greenland
2679,SOF,Sofia - Vrazhdebna,Bulgaria
2680,SOG,Sogndal,Norway
2681,SOU,Southampton - Eastleigh,United Kingdom
2682,SBN,South Bend (IN),USA
2683,XSI,"South Indian Lake, MB",Canada
2684,SOI,South Molle Island,Australia
2685,SEN,Southend (London),United Kingdom
2686,SPU,Split,Croatia (Hrvatska)
2687,GEG,Spokane (WA),USA
2688,SBU,Springbok,South Africa
2689,SPI,Springfield (IL),USA
2690,SGF,Springfield (MO),USA
2691,SXR,Srinagar,India
2692,YIF,"St. Augustin, PQ",Canada
2693,STX,St. Croix,Virgin Islands (U.S.)
2694,EBU,St. Etienne,France
2695,SGU,St. George (UT),USA
2696,YYT,St. John's,Canada
2697,SKB,St. Kitts,St. Kitts and Nevis
2698,STL,St. Louis (MO) Lambert–St. Louis International Airport,USA
2699,UVF,St. Lucia Hewanorra,Saint Lucia
2700,SLU,St. Lucia Vigle,Saint Lucia
2701,SXM,St. Marteen,Netherlands Antilles
2702,SFG,St. Martin,St. Martin (Guadeloupe)
2703,LED,St. Petersburg (Leningrad) - Pulkovo,Russia
2704,FSP,"St. Pierre, NF",Canada
2705,STT,St. Thomas,Virgin Islands (U.S.)
2706,SVD,St. Vincent,Saint Vincent and the Grenadines
2707,STN,Stansted (London),United Kingdom
2708,SCE,State College/Belefonte (PA),USA
2709,SVG,Stavanger,Norway
2710,HDN,Steamboat Springs (CO),USA
2711,SZZ,Stettin,Poland
2712,STO,Stockholm Metropolitan Area,Sweden
2713,ARN,Stockholm - Arlanda,Sweden
2714,BMA,Stockholm - Bromma,Sweden
2715,SCK,Stockton (CA),USA
2716,SYY,Stornway,United Kingdom
2717,SXB,Strasbourg - Strasbourg Airport,France
2718,KBY,Streaky Bay,Australia
2719,STR,Stuttgart - Echterdingen,Germany
2720,SUL,Sui,Pakistan
2721,SKZ,Sukkur,Pakistan
2722,LSI,Sumburgh (Shetland),United Kingdom
2723,SUN,Sun Valley (ID),USA
2724,SDL,Sundsvall,Sweden
2725,MCY,Sunshine Coast,Australia
2726,SUB,Surabaya - Juanda,Indonesia
2727,STV,Surat,India
2728,SUV,Suva - Nausori Airport (Luvuluvu),Fiji
2729,SWP,Swakopmund,Namibia
2730,SYD,Sydney - Sydney Airport,Australia
2731,ZYL,Sylhet,Bangladesh
2732,SYR,Syracuse (NY),USA
2733,TUU,Tabuk,Saudi Arabia
2734,TIF,Taif,Saudi Arabia
2735,TPE,Taipei - Chiang Kai Shek,Taiwan
2736,TAY,Taipei - Sung Shan,Taiwan
2737,TYN,Taiyuan,"Shanxi, PR China"
2738,TAK,Takamatsu,Japan
2739,TKA,Talkeetna (AK),USA
2740,TLH,Tallahassee (FL),USA
2741,QUF,Tallinn - Pirita Harbour,Estonia
2742,TLL,Tallinn - Ulemiste,Estonia
2743,TPA,Tampa - International (FL),USA
2744,TMP,Tampere,Finland
2745,TAM,Tampico - Gen. F. Javier Mina,Mexico
2746,TMW,Tamworth,Australia
2747,TNG,Tangier - Boukhalef,Morocco
2748,TRO,Taree,Australia
2749,TGV,Targovishte,Bulgaria
2750,TAS,Tashkent - International,Uzbekistan
2751,TWU,Tawau,Malaysia
2752,TBS,Tbilisi - Novo Alexeyevka,Georgia
2753,TEU,Te Anau,New Zealand
2754,MME,"Teesside, Durham Tees Valley",United Kingdom
2755,TGU,Tegucigalpa,Honduras
2756,THR,Tehran (Teheran) - Mehrabad,Iran
2757,TEQ,Tekirdag - Corlu,Turkey
2758,TLV,Tel Aviv - Ben Gurion International,Israel
2759,TEX,Telluride (CO),USA
2760,TEM,Temora,Australia
2761,TCI,Tenerife,Spain
2762,TFS,Tenerife - Sur Reina Sofia,Spain
2763,TFN,Tenerife - Norte Los Rodeos,Spain
2764,TCA,Tennant Creek,Australia
2765,TER,Terceira,Portugal
2766,THE,Teresina,Brazil
2767,TMZ,Termez (Termes),Uzbekistan
2768,YXT,Terrace,Canada
2769,HUF,Terre Haute (IN),USA
2770,TXK,Texarkana (AR),USA
2771,TCU,Thaba'Nchu,South Africa
2772,YQD,The Pas,Canada
2773,SKG,Thessaloniki - Makedonia Apt.,Greece
2774,TVF,Thief River Falls (MN),USA
2775,JTR,Thira,Greece
2776,TRV,Thiruvananthapuram,India
2777,TED,Thisted,Denmark
2778,YTH,Thompson,Canada
2779,KTB,Thorne Bay (AK),USA
2780,YQT,Thunder Bay,Canada
2781,TIS,Thursday Island,Australia
2782,TSN,Tianjin,China
2783,TIJ,Tijuana - Rodriguez,Mexico
2784,TOD,Tioman,Indonesia
2785,TIA,Tirana - Rinas,Albania
2786,TRZ,Tiruchirapally,India
2787,TIV,Tivat,Montenegro
2788,TAB,Tobago,Trinidad and Tobago
2789,TKS,Tokushima,Japan
2790,TYO,Tokyo,Japan
2791,HND,Tokyo - Haneda,Japan
2792,NRT,Tokyo - Narita,Japan
2793,TOL,Toledo (OH),USA
2794,TPR,Tom Price,Australia
2795,TWB,Toowoomba,Australia
2796,YTZ,Toronto - Billy Bishop Toronto City Airport,Canada
2797,YYZ,Toronto - Toronto Pearson International Airport,Canada
2798,YTO,Toronto,Canada
2799,TOV,Tortola,British Virgin Islands
2800,TOU,Touho,New Caledonia
2801,TLS,Toulouse - Blagnac Airport,France
2802,TSV,Townsville,Australia
2803,TOY,Toyama,Japan
2804,TZX,Trabzon,Turkey
2805,TPS,Trapani,Italy
2806,TVC,Traverse City (MI),USA
2807,TCB,Treasure Cay,Bahamas
2808,TTN,Trenton/Princeton (NJ),USA
2809,TSF,Treviso,Italy
2810,TRI,Tri-Cities Regional (TN) /VA,USA
2811,TRS,Trieste,Italy
2812,TIP,Tripoli - Tripoli International,Libya
2813,TOS,Tromsoe,Norway
2814,TRD,Trondheim,Norway
2815,TSB,Tsumeb,Namibia
2816,TUS,Tucson (AZ),USA
2817,TUP,Tulepo (MS),USA
2818,TUL,Tulsa (OK),USA
2819,TUN,Tunis - Carthage,Tunisia
2820,TUK,Turbat,Pakistan
2821,TRN,Turin,Italy
2822,TKU,Turku,Finland
2823,TCL,Tuscaloosa (AL),USA
2824,TGZ,Tuxtla Gutierrez,Mexico
2825,TWF,Twin Falls (ID),USA
2826,TYR,Tyler (TX),USA
2827,UAH,Ua Huka,French Polynesia
2828,UAP,Ua Pou,French Polynesia
2829,UBJ,Ube,Japan
2830,UBA,Uberaba,Brazil
2831,UDI,Uberlandia - Eduardo Gomes Airport,Brazil
2832,UBP,Ubon Ratchathani - Muang Ubon Airport,Thailand
2833,UDR,Udaipur - Dabok Airport,India
2834,UDE,Uden - Volkel Airport,Netherlands
2835,UTH,Udon Thani,Thailand
2836,UFA,Ufa,Russia
2837,UHE,Uherske Hradiste,Czech Republic
2838,UGO,Uige,Angola
2839,UPG,Ujung Pandang - Hasanudin Airport,Indonesia
2840,UCT,Ukhta,Russia
2841,UKI,Ukiah (CA),USA
2842,ULN,Ulaanbaatar - Buyant Uhaa Airport,Mongolia
2843,UUD,Ulan-Ude,Russia
2844,HLH,Ulanhot,PR China
2845,ULB,Ulei,Vanuatu
2846,USN,Ulsan,South Korea
2847,ULD,Ulundi,South Africa
2848,UME,Umea,Sweden
2849,YUD,Umiujaq,Canada
2850,UTT,Umtata,South Africa
2851,UNK,Unalakleet (AK),USA
2852,UNI,Union Island,Saint Vincent and the Grenadines
2853,UNT,Unst (Shetland Island) - Baltasound Airport,United Kingdom
2854,UPL,Upala,Costa Rica
2855,JUV,Upernavik - Upernavik Heliport,Greenland
2856,UTN,Upington,South Africa
2857,UPP,Upolu Point (HI),USA
2858,YBE,Uranium City,Canada
2859,UGC,Urgench,Uzbekistan
2860,URM,Uriman,Venezuela
2861,OMH,Urmiehm (Orumieh),Iran
2862,UPN,Uruapan,Mexico
2863,URB,Urubupunga - Ernesto Pochler Airport,Brazil
2864,URG,Uruguaiana - Ruben Berta Airport,Brazil
2865,URC,Urumqi,"Xinjiang, PR China"
2866,URZ,Uruzgan,Afghanistan
2867,USH,Ushuaia - Islas Malvinas Airport,Argentina
2868,UTP,Utapao (Pattaya),Thailand
2869,UCA,Utica (NY) - Oneida County Airport,USA
2870,UII,Utila,Honduras
2871,UMD,Uummannaq,Greenland
2872,UDJ,Uzhgorod,Ukraine
2873,VAA,Vaasa,Finland
2874,VXO,Vaexjoe,Sweden
2875,EGE,Vail (CO),USA
2876,YVO,Val d'Or,Canada
2877,VDZ,Valdez (AK),USA
2878,VLD,Valdosta (GA),USA
2879,VLC,Valencia,Spain
2880,VLN,Valencia,Venezuela
2881,VLL,Valladolid,Spain
2882,VAP,Valparaiso,Chile
2883,VDE,Valverde,Spain
2884,VAN,Van - Ferit Melen,Turkey
2885,YVR,Vancouver - Vancouver International,Canada
2886,VRA,Varadero,Cuba
2887,VNS,Varanasi,India
2888,VRK,Varkaus,Finland
2889,VAR,Varna,Bulgaria
2890,VST,Vasteras,Sweden
2891,VLU,Velikiye Luki (Welikije Luki),Russia
2892,VCE,Venice - Marco Polo,Italy
2893,VER,Veracruz,Mexico
2894,VEL,Vernal (UT),USA
2895,VRB,Vero Beach/Ft. Pierce (FL),USA
2896,VBS,Verona (Brescia) Montichiari,Italy
2897,VRN,Verona,Italy
2898,YYJ,Victoria,Canada
2899,VFA,Victoria Falls,Zimbabwe
2900,VID,Vidin,Bulgaria
2901,VTE,Vientiane - Wattay,Lao PDR
2902,VGO,Vigo,Spain
2903,VSA,Villahermosa,Mexico
2904,VNO,Vilnius,Lithuania
2905,VIJ,Virgin Gorda,Virgin Islands (British)
2906,VIS,Visalia (CA),USA
2907,VBY,Visby,Sweden
2908,VIT,Vitoria,Spain
2909,VIX,Vitoria - Eurico de Aguiar Salles Airport,Brazil
2910,VYD,Vryheid,South Africa
2911,YWK,Wabush,Canada
2912,ACT,Waco (TX),USA
2913,WGA,Wagga,Australia
2914,ALW,Walla Walla (WA),USA
2915,WLS,Wallis,Wallis and Futuna Islands
2916,WVB,Walvis Bay,South Africa
2917,WMB,Warrnambool,Australia
2918,WAW,Warsaw - Frédéric Chopin,Poland
2919,BWI,Washington DC - Baltimore Washington International,USA
2920,IAD,Washington DC - Dulles International,USA
2921,DCA,Washington DC - Ronald Reagan National,USA
2922,WAS,Washington DC,USA
2923,ALO,Waterloo IA,USA
2924,ATY,Watertown (SD),USA
2925,CWA,Wausau/Stevens Point (WI),USA
2926,WEI,Weipa,Australia
2927,WEL,Welkom,South Africa
2928,WLG,Wellington,New Zealand
2929,EAT,Wenatchee (WA),USA
2930,PBI,West Palm Beach (FL),USA
2931,WYS,West Yellowstone (MT),USA
2932,GWT,"Westerland, Sylt Airport",Germany
2933,WHK,Whakatane,New Zealand
2934,YXN,"Whale Cove, NT",Canada
2935,WRE,Whangarei,New Zealand
2936,HPN,White Plains (NY),USA
2937,YXY,Whitehorse,Canada
2938,HAP,Whitsunday Resort,Australia
2939,WYA,Whyalla,Australia
2940,SPS,Wichita Falls (TX),USA
2941,ICT,Wichita (KS),USA
2942,WIC,Wick,United Kingdom
2943,WHM,Wickham,Australia
2944,VIE,Wien (Vienna) - Vienna International,Austria
2945,WIE,"Wiesbaden, Air Base",Germany
2946,AVP,Wilkes Barre/Scranton (PA),USA
2947,IPT,Williamsport (PA),USA
2948,ISL,Williston (ND),USA
2949,ILM,Wilmington (NC),USA
2950,VNO,Wilna (Vilnius),Lithuania
2951,WUN,Wiluna,Australia
2952,ERS,Windhoek - Eros,Namibia
2953,WDH,Windhoek - Hosea Kutako International,Namibia
2954,YQG,Windsor Ontario,Canada
2955,YWG,Winnipeg International,Canada
2956,OLF,Wolf Point (MT),USA
2957,WOL,Wollongong,Australia
2958,UMR,Woomera,Australia
2959,ORH,Worcester (MA),USA
2960,WRL,Worland (WY),USA
2961,WRG,Wrangell (AK),USA
2962,WUH,Wuhan,"Hubei, PR China"
2963,WYN,Wyndham,Australia
2964,XMN,Xiamen,"Fujian, PR China"
2965,XIY,Xi'an - Xianyang,"Shaanxi, PR China"
2966,YKM,Yakima (WA),USA
2967,YAK,Yakutat (AK),USA
2968,YKS,Yakutsk,Russia
2969,GAJ,"Yamagata, Junmachi",Japan
2970,ASK,Yamoussoukro,Côte d'Ivoire
2971,YNB,Yanbu,Saudi Arabia
2972,RGN,Yangon (Rangoon) - Mingaladon,Myanmar
2973,YAO,Yaounde,Cameroon
2974,YZF,Yellowknife,Canada
2975,SVX,Yekaterinburg - Koltsovo Airport,Russia
2976,YIH,Yichang,"Hubei, PR China"
2977,YOK,Yokohama,Japan
2978,YUM,Yuma (AZ),USA
2979,ZCL,Zacatecas,Mexico
2980,ZAD,Zadar,Croatia (Hrvatska)
2981,ZAG,Zagreb - Zagreb Airport Pleso,Croatia (Hrvatska)
2982,ZTH,Zakynthos,Greece
2983,ZAZ,Zaragoza,Spain
2984,PZH,Zhob,Pakistan
2985,ZND,Zinder,Niger
2986,OUZ,Zouerate,Mauritania
2987,ZRH,Zurich (Zürich) - Kloten,Switzerland